dataset,frame,axis,level,unit,n_points,inside_image,n_objects,object_points,hits,hit_ratio,edge_points,edge_score
kitti_mini,000001,yaw,0.0,deg,120268,18630,2,27,27,1.0,272,0.6242
kitti_mini,000001,yaw,0.25,deg,120268,18631,2,27,25,0.9259,277,0.5829
kitti_mini,000001,yaw,0.5,deg,120268,18629,2,27,19,0.7037,276,0.5564
kitti_mini,000001,yaw,1.0,deg,120268,18630,2,27,3,0.1111,276,0.5117
kitti_mini,000001,yaw,2.0,deg,120268,18633,2,27,0,0.0,312,0.5078
kitti_mini,000001,yaw,3.0,deg,120268,18635,2,27,0,0.0,287,0.5574
kitti_mini,000001,pitch,0.0,deg,120268,18630,2,27,27,1.0,272,0.6242
kitti_mini,000001,pitch,0.25,deg,120268,18440,2,27,27,1.0,283,0.5483
kitti_mini,000001,pitch,0.5,deg,120268,18174,2,27,21,0.7778,283,0.5717
kitti_mini,000001,pitch,1.0,deg,120268,17730,2,27,13,0.4815,250,0.6062
kitti_mini,000001,pitch,2.0,deg,120268,16815,2,27,2,0.0741,266,0.4859
kitti_mini,000001,pitch,3.0,deg,120268,15870,2,27,0,0.0,250,0.299
kitti_mini,000001,roll,0.0,deg,120268,18630,2,27,27,1.0,272,0.6242
kitti_mini,000001,roll,0.25,deg,120268,18634,2,27,27,1.0,295,0.6055
kitti_mini,000001,roll,0.5,deg,120268,18636,2,27,27,1.0,280,0.554
kitti_mini,000001,roll,1.0,deg,120268,18644,2,27,27,1.0,284,0.5473
kitti_mini,000001,roll,2.0,deg,120268,18620,2,27,27,1.0,312,0.6251
kitti_mini,000001,roll,3.0,deg,120268,18663,2,27,26,0.963,325,0.6196
kitti_mini,000001,tx,0.0,m,120268,18630,2,27,27,1.0,272,0.6242
kitti_mini,000001,tx,0.02,m,120268,18686,2,27,27,1.0,272,0.6163
kitti_mini,000001,tx,0.05,m,120268,18827,2,27,27,1.0,274,0.6207
kitti_mini,000001,tx,0.1,m,120268,19002,2,27,27,1.0,315,0.6122
kitti_mini,000001,tx,0.2,m,120268,19377,2,27,27,1.0,316,0.623
kitti_mini,000001,ty,0.0,m,120268,18630,2,27,27,1.0,272,0.6242
kitti_mini,000001,ty,0.02,m,120268,18637,2,27,27,1.0,269,0.6225
kitti_mini,000001,ty,0.05,m,120268,18650,2,27,27,1.0,272,0.6098
kitti_mini,000001,ty,0.1,m,120268,18659,2,27,26,0.963,263,0.577
kitti_mini,000001,ty,0.2,m,120268,18691,2,27,26,0.963,255,0.5401
kitti_mini,000001,tz,0.0,m,120268,18630,2,27,27,1.0,272,0.6242
kitti_mini,000001,tz,0.02,m,120268,18819,2,27,27,1.0,319,0.6127
kitti_mini,000001,tz,0.05,m,120268,19085,2,27,27,1.0,409,0.5858
kitti_mini,000001,tz,0.1,m,120268,19489,2,27,27,1.0,436,0.4721
kitti_mini,000001,tz,0.2,m,120268,20369,2,27,27,1.0,518,0.3183
kitti_mini,000004,yaw,0.0,deg,115976,19063,2,103,103,1.0,241,0.3559
kitti_mini,000004,yaw,0.25,deg,115976,19060,2,103,102,0.9903,233,0.3512
kitti_mini,000004,yaw,0.5,deg,115976,19053,2,103,97,0.9417,238,0.3773
kitti_mini,000004,yaw,1.0,deg,115976,19032,2,103,82,0.7961,252,0.4106
kitti_mini,000004,yaw,2.0,deg,115976,18975,2,103,56,0.5437,271,0.3285
kitti_mini,000004,yaw,3.0,deg,115976,18965,2,103,21,0.2039,330,0.3472
kitti_mini,000004,pitch,0.0,deg,115976,19063,2,103,103,1.0,241,0.3559
kitti_mini,000004,pitch,0.25,deg,115976,18870,2,103,92,0.8932,239,0.3538
kitti_mini,000004,pitch,0.5,deg,115976,18606,2,103,92,0.8932,243,0.3295
kitti_mini,000004,pitch,1.0,deg,115976,18158,2,103,25,0.2427,231,0.3388
kitti_mini,000004,pitch,2.0,deg,115976,17240,2,103,0,0.0,223,0.3749
kitti_mini,000004,pitch,3.0,deg,115976,16290,2,103,0,0.0,215,0.389
kitti_mini,000004,roll,0.0,deg,115976,19063,2,103,103,1.0,241,0.3559
kitti_mini,000004,roll,0.25,deg,115976,19064,2,103,103,1.0,230,0.3515
kitti_mini,000004,roll,0.5,deg,115976,19070,2,103,103,1.0,258,0.3474
kitti_mini,000004,roll,1.0,deg,115976,19056,2,103,103,1.0,233,0.3195
kitti_mini,000004,roll,2.0,deg,115976,19041,2,103,98,0.9515,239,0.2982
kitti_mini,000004,roll,3.0,deg,115976,19076,2,103,66,0.6408,258,0.3277
kitti_mini,000004,tx,0.0,m,115976,19063,2,103,103,1.0,241,0.3559
kitti_mini,000004,tx,0.02,m,115976,19117,2,103,103,1.0,233,0.3457
kitti_mini,000004,tx,0.05,m,115976,19242,2,103,103,1.0,237,0.3449
kitti_mini,000004,tx,0.1,m,115976,19414,2,103,103,1.0,227,0.3706
kitti_mini,000004,tx,0.2,m,115976,19739,2,103,103,1.0,242,0.3818
kitti_mini,000004,ty,0.0,m,115976,19063,2,103,103,1.0,241,0.3559
kitti_mini,000004,ty,0.02,m,115976,19073,2,103,103,1.0,241,0.3516
kitti_mini,000004,ty,0.05,m,115976,19075,2,103,103,1.0,236,0.3394
kitti_mini,000004,ty,0.1,m,115976,19069,2,103,103,1.0,229,0.3542
kitti_mini,000004,ty,0.2,m,115976,19074,2,103,103,1.0,232,0.3709
kitti_mini,000004,tz,0.0,m,115976,19063,2,103,103,1.0,241,0.3559
kitti_mini,000004,tz,0.02,m,115976,19247,2,103,103,1.0,248,0.3905
kitti_mini,000004,tz,0.05,m,115976,19497,2,103,103,1.0,236,0.4259
kitti_mini,000004,tz,0.1,m,115976,19912,2,103,103,1.0,264,0.383
kitti_mini,000004,tz,0.2,m,115976,20786,2,103,103,1.0,338,0.3318
kitti_mini,000007,yaw,0.0,deg,122798,19423,4,240,240,1.0,309,0.3444
kitti_mini,000007,yaw,0.25,deg,122798,19431,4,240,231,0.9625,297,0.2805
kitti_mini,000007,yaw,0.5,deg,122798,19433,4,240,212,0.8833,302,0.2352
kitti_mini,000007,yaw,1.0,deg,122798,19388,4,240,172,0.7167,298,0.3148
kitti_mini,000007,yaw,2.0,deg,122798,19236,4,240,99,0.4125,287,0.3659
kitti_mini,000007,yaw,3.0,deg,122798,19268,4,240,42,0.175,337,0.3443
kitti_mini,000007,pitch,0.0,deg,122798,19423,4,240,240,1.0,309,0.3444
kitti_mini,000007,pitch,0.25,deg,122798,19229,4,240,217,0.9042,302,0.3472
kitti_mini,000007,pitch,0.5,deg,122798,18960,4,240,200,0.8333,296,0.3046
kitti_mini,000007,pitch,1.0,deg,122798,18515,4,240,145,0.6042,295,0.2945
kitti_mini,000007,pitch,2.0,deg,122798,17586,4,240,68,0.2833,288,0.3068
kitti_mini,000007,pitch,3.0,deg,122798,16634,4,240,20,0.0833,286,0.3016
kitti_mini,000007,roll,0.0,deg,122798,19423,4,240,240,1.0,309,0.3444
kitti_mini,000007,roll,0.25,deg,122798,19432,4,240,240,1.0,300,0.332
kitti_mini,000007,roll,0.5,deg,122798,19430,4,240,240,1.0,309,0.2993
kitti_mini,000007,roll,1.0,deg,122798,19428,4,240,239,0.9958,299,0.3037
kitti_mini,000007,roll,2.0,deg,122798,19413,4,240,236,0.9833,310,0.3401
kitti_mini,000007,roll,3.0,deg,122798,19456,4,240,231,0.9625,318,0.3196
kitti_mini,000007,tx,0.0,m,122798,19423,4,240,240,1.0,309,0.3444
kitti_mini,000007,tx,0.02,m,122798,19488,4,240,240,1.0,309,0.3311
kitti_mini,000007,tx,0.05,m,122798,19616,4,240,240,1.0,310,0.3112
kitti_mini,000007,tx,0.1,m,122798,19789,4,240,240,1.0,315,0.286
kitti_mini,000007,tx,0.2,m,122798,20131,4,240,240,1.0,300,0.3065
kitti_mini,000007,ty,0.0,m,122798,19423,4,240,240,1.0,309,0.3444
kitti_mini,000007,ty,0.02,m,122798,19436,4,240,240,1.0,305,0.3257
kitti_mini,000007,ty,0.05,m,122798,19445,4,240,239,0.9958,299,0.3094
kitti_mini,000007,ty,0.1,m,122798,19449,4,240,234,0.975,298,0.2741
kitti_mini,000007,ty,0.2,m,122798,19437,4,240,220,0.9167,281,0.2848
kitti_mini,000007,tz,0.0,m,122798,19423,4,240,240,1.0,309,0.3444
kitti_mini,000007,tz,0.02,m,122798,19604,4,240,240,1.0,286,0.339
kitti_mini,000007,tz,0.05,m,122798,19842,4,240,240,1.0,306,0.3593
kitti_mini,000007,tz,0.1,m,122798,20270,4,240,240,1.0,400,0.3743
kitti_mini,000007,tz,0.2,m,122798,21138,4,240,223,0.9292,461,0.3678
kitti_mini,000008,yaw,0.0,deg,122555,17238,6,5127,5108,0.9963,910,0.5064
kitti_mini,000008,yaw,0.25,deg,122555,17266,6,5119,5102,0.9967,920,0.4919
kitti_mini,000008,yaw,0.5,deg,122555,17281,6,5104,5082,0.9957,921,0.4712
kitti_mini,000008,yaw,1.0,deg,122555,17316,6,5071,5001,0.9862,916,0.4144
kitti_mini,000008,yaw,2.0,deg,122555,17384,6,5008,4748,0.9481,872,0.3893
kitti_mini,000008,yaw,3.0,deg,122555,17436,6,4943,4497,0.9098,857,0.3746
kitti_mini,000008,pitch,0.0,deg,122555,17238,6,5127,5108,0.9963,910,0.5064
kitti_mini,000008,pitch,0.25,deg,122555,17055,6,5054,5019,0.9931,927,0.4497
kitti_mini,000008,pitch,0.5,deg,122555,16816,6,4984,4909,0.985,902,0.4423
kitti_mini,000008,pitch,1.0,deg,122555,16394,6,4786,4641,0.9697,889,0.4168
kitti_mini,000008,pitch,2.0,deg,122555,15521,6,4325,3979,0.92,888,0.3501
kitti_mini,000008,pitch,3.0,deg,122555,14672,6,3883,3348,0.8622,824,0.3351
kitti_mini,000008,roll,0.0,deg,122555,17238,6,5127,5108,0.9963,910,0.5064
kitti_mini,000008,roll,0.25,deg,122555,17249,6,5138,5118,0.9961,918,0.5095
kitti_mini,000008,roll,0.5,deg,122555,17238,6,5131,5117,0.9973,931,0.4937
kitti_mini,000008,roll,1.0,deg,122555,17235,6,5137,5091,0.991,923,0.5106
kitti_mini,000008,roll,2.0,deg,122555,17214,6,5148,4990,0.9693,928,0.4942
kitti_mini,000008,roll,3.0,deg,122555,17268,6,5128,4812,0.9384,933,0.4901
kitti_mini,000008,tx,0.0,m,122555,17238,6,5127,5108,0.9963,910,0.5064
kitti_mini,000008,tx,0.02,m,122555,17314,6,5161,5142,0.9963,919,0.5104
kitti_mini,000008,tx,0.05,m,122555,17480,6,5212,5194,0.9965,935,0.4949
kitti_mini,000008,tx,0.1,m,122555,17702,6,5286,5265,0.996,960,0.4744
kitti_mini,000008,tx,0.2,m,122555,18189,6,5472,5445,0.9951,999,0.4503
kitti_mini,000008,ty,0.0,m,122555,17238,6,5127,5108,0.9963,910,0.5064
kitti_mini,000008,ty,0.02,m,122555,17234,6,5119,5102,0.9967,911,0.4918
kitti_mini,000008,ty,0.05,m,122555,17228,6,5106,5090,0.9969,910,0.4832
kitti_mini,000008,ty,0.1,m,122555,17205,6,5070,5056,0.9972,897,0.4577
kitti_mini,000008,ty,0.2,m,122555,17161,6,5000,4968,0.9936,832,0.4527
kitti_mini,000008,tz,0.0,m,122555,17238,6,5127,5108,0.9963,910,0.5064
kitti_mini,000008,tz,0.02,m,122555,17432,6,5186,5172,0.9973,1012,0.5064
kitti_mini,000008,tz,0.05,m,122555,17709,6,5298,5242,0.9894,1006,0.5055
kitti_mini,000008,tz,0.1,m,122555,18135,6,5438,5174,0.9515,1022,0.4875
kitti_mini,000008,tz,0.2,m,122555,19030,6,5670,5075,0.8951,1187,0.4367
kitti_mini,000009,yaw,0.0,deg,123928,19411,3,224,224,1.0,167,0.4215
kitti_mini,000009,yaw,0.25,deg,123928,19415,3,224,222,0.9911,164,0.4478
kitti_mini,000009,yaw,0.5,deg,123928,19412,3,224,207,0.9241,169,0.3952
kitti_mini,000009,yaw,1.0,deg,123928,19395,3,224,181,0.808,165,0.3856
kitti_mini,000009,yaw,2.0,deg,123928,19381,3,224,120,0.5357,166,0.3492
kitti_mini,000009,yaw,3.0,deg,123928,19381,3,224,66,0.2946,174,0.4131
kitti_mini,000009,pitch,0.0,deg,123928,19411,3,224,224,1.0,167,0.4215
kitti_mini,000009,pitch,0.25,deg,123928,19219,3,224,224,1.0,166,0.4298
kitti_mini,000009,pitch,0.5,deg,123928,18954,3,224,195,0.8705,169,0.3813
kitti_mini,000009,pitch,1.0,deg,123928,18513,3,224,163,0.7277,161,0.2959
kitti_mini,000009,pitch,2.0,deg,123928,17582,3,224,91,0.4062,163,0.4906
kitti_mini,000009,pitch,3.0,deg,123928,16636,3,224,27,0.1205,160,0.2886
kitti_mini,000009,roll,0.0,deg,123928,19411,3,224,224,1.0,167,0.4215
kitti_mini,000009,roll,0.25,deg,123928,19415,3,224,224,1.0,186,0.3732
kitti_mini,000009,roll,0.5,deg,123928,19416,3,224,224,1.0,171,0.3685
kitti_mini,000009,roll,1.0,deg,123928,19417,3,224,224,1.0,153,0.3304
kitti_mini,000009,roll,2.0,deg,123928,19397,3,224,224,1.0,175,0.2636
kitti_mini,000009,roll,3.0,deg,123928,19427,3,224,224,1.0,173,0.2458
kitti_mini,000009,tx,0.0,m,123928,19411,3,224,224,1.0,167,0.4215
kitti_mini,000009,tx,0.02,m,123928,19464,3,224,224,1.0,173,0.418
kitti_mini,000009,tx,0.05,m,123928,19597,3,224,224,1.0,168,0.4207
kitti_mini,000009,tx,0.1,m,123928,19763,3,224,224,1.0,170,0.4172
kitti_mini,000009,tx,0.2,m,123928,20120,3,224,224,1.0,172,0.3962
kitti_mini,000009,ty,0.0,m,123928,19411,3,224,224,1.0,167,0.4215
kitti_mini,000009,ty,0.02,m,123928,19413,3,224,224,1.0,165,0.4352
kitti_mini,000009,ty,0.05,m,123928,19410,3,224,224,1.0,164,0.4482
kitti_mini,000009,ty,0.1,m,123928,19402,3,224,222,0.9911,160,0.4561
kitti_mini,000009,ty,0.2,m,123928,19393,3,224,208,0.9286,156,0.4345
kitti_mini,000009,tz,0.0,m,123928,19411,3,224,224,1.0,167,0.4215
kitti_mini,000009,tz,0.02,m,123928,19605,3,224,224,1.0,174,0.3933
kitti_mini,000009,tz,0.05,m,123928,19850,3,224,224,1.0,180,0.3763
kitti_mini,000009,tz,0.1,m,123928,20263,3,224,224,1.0,212,0.311
kitti_mini,000009,tz,0.2,m,123928,21143,3,224,207,0.9241,257,0.2551
kitti_mini,000010,yaw,0.0,deg,115875,16464,9,2064,2058,0.9971,331,0.4933
kitti_mini,000010,yaw,0.25,deg,115875,16436,9,2073,2069,0.9981,337,0.4879
kitti_mini,000010,yaw,0.5,deg,115875,16412,9,2085,2068,0.9918,327,0.4617
kitti_mini,000010,yaw,1.0,deg,115875,16369,9,2106,2011,0.9549,321,0.4143
kitti_mini,000010,yaw,2.0,deg,115875,16299,9,2173,1876,0.8633,300,0.3927
kitti_mini,000010,yaw,3.0,deg,115875,16271,9,2261,1725,0.7629,294,0.3938
kitti_mini,000010,pitch,0.0,deg,115875,16464,9,2064,2058,0.9971,331,0.4933
kitti_mini,000010,pitch,0.25,deg,115875,16276,9,2050,2020,0.9854,330,0.407
kitti_mini,000010,pitch,0.5,deg,115875,16017,9,2037,1945,0.9548,304,0.3506
kitti_mini,000010,pitch,1.0,deg,115875,15594,9,2016,1823,0.9043,326,0.3334
kitti_mini,000010,pitch,2.0,deg,115875,14707,9,1921,1348,0.7017,290,0.3237
kitti_mini,000010,pitch,3.0,deg,115875,13819,9,1869,934,0.4997,294,0.2909
kitti_mini,000010,roll,0.0,deg,115875,16464,9,2064,2058,0.9971,331,0.4933
kitti_mini,000010,roll,0.25,deg,115875,16464,9,2055,2050,0.9976,308,0.5114
kitti_mini,000010,roll,0.5,deg,115875,16469,9,2049,2042,0.9966,332,0.5309
kitti_mini,000010,roll,1.0,deg,115875,16469,9,2032,2004,0.9862,319,0.485
kitti_mini,000010,roll,2.0,deg,115875,16470,9,2010,1940,0.9652,317,0.4259
kitti_mini,000010,roll,3.0,deg,115875,16504,9,1948,1856,0.9528,335,0.3865
kitti_mini,000010,tx,0.0,m,115875,16464,9,2064,2058,0.9971,331,0.4933
kitti_mini,000010,tx,0.02,m,115875,16501,9,2069,2066,0.9986,331,0.5
kitti_mini,000010,tx,0.05,m,115875,16630,9,2079,2076,0.9986,337,0.4894
kitti_mini,000010,tx,0.1,m,115875,16780,9,2093,2093,1.0,344,0.4901
kitti_mini,000010,tx,0.2,m,115875,17097,9,2132,2127,0.9977,335,0.4756
kitti_mini,000010,ty,0.0,m,115875,16464,9,2064,2058,0.9971,331,0.4933
kitti_mini,000010,ty,0.02,m,115875,16457,9,2068,2063,0.9976,336,0.4892
kitti_mini,000010,ty,0.05,m,115875,16454,9,2076,2071,0.9976,335,0.4903
kitti_mini,000010,ty,0.1,m,115875,16436,9,2089,2084,0.9976,337,0.4781
kitti_mini,000010,ty,0.2,m,115875,16411,9,2121,2089,0.9849,347,0.4136
kitti_mini,000010,tz,0.0,m,115875,16464,9,2064,2058,0.9971,331,0.4933
kitti_mini,000010,tz,0.02,m,115875,16646,9,2067,2061,0.9971,353,0.5128
kitti_mini,000010,tz,0.05,m,115875,16875,9,2074,2061,0.9937,367,0.4888
kitti_mini,000010,tz,0.1,m,115875,17279,9,2090,2064,0.9876,462,0.5143
kitti_mini,000010,tz,0.2,m,115875,18139,9,2124,2017,0.9496,540,0.5146
kitti_mini,000011,yaw,0.0,deg,108004,19946,6,725,721,0.9945,329,0.5599
kitti_mini,000011,yaw,0.25,deg,108004,19952,6,709,691,0.9746,334,0.5512
kitti_mini,000011,yaw,0.5,deg,108004,19946,6,690,634,0.9188,335,0.5123
kitti_mini,000011,yaw,1.0,deg,108004,19952,6,656,508,0.7744,334,0.4283
kitti_mini,000011,yaw,2.0,deg,108004,19963,6,592,269,0.4544,326,0.3677
kitti_mini,000011,yaw,3.0,deg,108004,19948,6,537,114,0.2123,360,0.3625
kitti_mini,000011,pitch,0.0,deg,108004,19946,6,725,721,0.9945,329,0.5599
kitti_mini,000011,pitch,0.25,deg,108004,19759,6,716,694,0.9693,326,0.529
kitti_mini,000011,pitch,0.5,deg,108004,19497,6,711,637,0.8959,305,0.5219
kitti_mini,000011,pitch,1.0,deg,108004,19060,6,696,588,0.8448,330,0.4889
kitti_mini,000011,pitch,2.0,deg,108004,18145,6,678,432,0.6372,307,0.4299
kitti_mini,000011,pitch,3.0,deg,108004,17230,6,649,324,0.4992,304,0.2894
kitti_mini,000011,roll,0.0,deg,108004,19946,6,725,721,0.9945,329,0.5599
kitti_mini,000011,roll,0.25,deg,108004,19949,6,730,728,0.9973,321,0.5819
kitti_mini,000011,roll,0.5,deg,108004,19948,6,731,729,0.9973,319,0.566
kitti_mini,000011,roll,1.0,deg,108004,19951,6,740,729,0.9851,331,0.5098
kitti_mini,000011,roll,2.0,deg,108004,19925,6,746,701,0.9397,315,0.4954
kitti_mini,000011,roll,3.0,deg,108004,19969,6,759,688,0.9065,349,0.4861
kitti_mini,000011,tx,0.0,m,108004,19946,6,725,721,0.9945,329,0.5599
kitti_mini,000011,tx,0.02,m,108004,20002,6,735,732,0.9959,332,0.5502
kitti_mini,000011,tx,0.05,m,108004,20150,6,750,747,0.996,333,0.5338
kitti_mini,000011,tx,0.1,m,108004,20331,6,770,764,0.9922,344,0.5172
kitti_mini,000011,tx,0.2,m,108004,20708,6,813,791,0.9729,382,0.4631
kitti_mini,000011,ty,0.0,m,108004,19946,6,725,721,0.9945,329,0.5599
kitti_mini,000011,ty,0.02,m,108004,19950,6,719,714,0.993,329,0.5545
kitti_mini,000011,ty,0.05,m,108004,19939,6,706,699,0.9901,323,0.5737
kitti_mini,000011,ty,0.1,m,108004,19926,6,685,669,0.9766,325,0.5345
kitti_mini,000011,ty,0.2,m,108004,19915,6,650,593,0.9123,336,0.4145
kitti_mini,000011,tz,0.0,m,108004,19946,6,725,721,0.9945,329,0.5599
kitti_mini,000011,tz,0.02,m,108004,20147,6,731,728,0.9959,350,0.5628
kitti_mini,000011,tz,0.05,m,108004,20396,6,736,732,0.9946,381,0.5421
kitti_mini,000011,tz,0.1,m,108004,20808,6,749,747,0.9973,433,0.5274
kitti_mini,000011,tz,0.2,m,108004,21697,6,778,746,0.9589,414,0.5357
kitti_mini,000012,yaw,0.0,deg,120007,18705,2,52,52,1.0,353,0.5957
kitti_mini,000012,yaw,0.25,deg,120007,18706,2,52,51,0.9808,354,0.5617
kitti_mini,000012,yaw,0.5,deg,120007,18688,2,52,48,0.9231,371,0.5084
kitti_mini,000012,yaw,1.0,deg,120007,18698,2,52,34,0.6538,380,0.4584
kitti_mini,000012,yaw,2.0,deg,120007,18699,2,52,5,0.0962,362,0.4618
kitti_mini,000012,yaw,3.0,deg,120007,18713,2,52,0,0.0,340,0.4458
kitti_mini,000012,pitch,0.0,deg,120007,18705,2,52,52,1.0,353,0.5957
kitti_mini,000012,pitch,0.25,deg,120007,18496,2,52,52,1.0,361,0.5862
kitti_mini,000012,pitch,0.5,deg,120007,18235,2,52,48,0.9231,363,0.5803
kitti_mini,000012,pitch,1.0,deg,120007,17790,2,52,19,0.3654,370,0.567
kitti_mini,000012,pitch,2.0,deg,120007,16863,2,52,11,0.2115,343,0.5393
kitti_mini,000012,pitch,3.0,deg,120007,15901,2,52,0,0.0,315,0.5322
kitti_mini,000012,roll,0.0,deg,120007,18705,2,52,52,1.0,353,0.5957
kitti_mini,000012,roll,0.25,deg,120007,18695,2,52,52,1.0,375,0.6064
kitti_mini,000012,roll,0.5,deg,120007,18700,2,52,52,1.0,345,0.6031
kitti_mini,000012,roll,1.0,deg,120007,18705,2,52,52,1.0,358,0.6123
kitti_mini,000012,roll,2.0,deg,120007,18676,2,52,41,0.7885,374,0.5872
kitti_mini,000012,roll,3.0,deg,120007,18698,2,52,41,0.7885,371,0.5652
kitti_mini,000012,tx,0.0,m,120007,18705,2,52,52,1.0,353,0.5957
kitti_mini,000012,tx,0.02,m,120007,18751,2,52,52,1.0,346,0.6103
kitti_mini,000012,tx,0.05,m,120007,18818,2,52,52,1.0,339,0.5877
kitti_mini,000012,tx,0.1,m,120007,19017,2,52,52,1.0,312,0.5886
kitti_mini,000012,tx,0.2,m,120007,19299,2,52,52,1.0,322,0.5147
kitti_mini,000012,ty,0.0,m,120007,18705,2,52,52,1.0,353,0.5957
kitti_mini,000012,ty,0.02,m,120007,18700,2,52,52,1.0,374,0.6068
kitti_mini,000012,ty,0.05,m,120007,18701,2,52,52,1.0,407,0.6003
kitti_mini,000012,ty,0.1,m,120007,18703,2,52,52,1.0,467,0.5807
kitti_mini,000012,ty,0.2,m,120007,18701,2,52,52,1.0,547,0.486
kitti_mini,000012,tz,0.0,m,120007,18705,2,52,52,1.0,353,0.5957
kitti_mini,000012,tz,0.02,m,120007,18863,2,52,52,1.0,362,0.5898
kitti_mini,000012,tz,0.05,m,120007,19099,2,52,52,1.0,433,0.6179
kitti_mini,000012,tz,0.1,m,120007,19530,2,52,52,1.0,487,0.6253
kitti_mini,000012,tz,0.2,m,120007,20378,2,52,52,1.0,487,0.6253
kitti_mini,000015,yaw,0.0,deg,122583,18334,5,2227,2182,0.9798,1273,0.5806
kitti_mini,000015,yaw,0.25,deg,122583,18344,5,2216,2125,0.9589,1277,0.576
kitti_mini,000015,yaw,0.5,deg,122583,18379,5,2206,2042,0.9257,1278,0.5881
kitti_mini,000015,yaw,1.0,deg,122583,18441,5,2182,1881,0.8621,1267,0.5734
kitti_mini,000015,yaw,2.0,deg,122583,18470,5,2135,1673,0.7836,1238,0.5398
kitti_mini,000015,yaw,3.0,deg,122583,18540,5,2098,1538,0.7331,1223,0.5486
kitti_mini,000015,pitch,0.0,deg,122583,18334,5,2227,2182,0.9798,1273,0.5806
kitti_mini,000015,pitch,0.25,deg,122583,18159,5,2176,2127,0.9775,1247,0.564
kitti_mini,000015,pitch,0.5,deg,122583,17894,5,2126,2074,0.9755,1241,0.5358
kitti_mini,000015,pitch,1.0,deg,122583,17487,5,2019,1932,0.9569,1226,0.5209
kitti_mini,000015,pitch,2.0,deg,122583,16666,5,1811,1656,0.9144,1191,0.4986
kitti_mini,000015,pitch,3.0,deg,122583,15795,5,1611,1377,0.8547,1166,0.4628
kitti_mini,000015,roll,0.0,deg,122583,18334,5,2227,2182,0.9798,1273,0.5806
kitti_mini,000015,roll,0.25,deg,122583,18334,5,2253,2203,0.9778,1253,0.5796
kitti_mini,000015,roll,0.5,deg,122583,18331,5,2276,2232,0.9807,1255,0.562
kitti_mini,000015,roll,1.0,deg,122583,18307,5,2322,2273,0.9789,1233,0.5447
kitti_mini,000015,roll,2.0,deg,122583,18343,5,2436,2342,0.9614,1259,0.5058
kitti_mini,000015,roll,3.0,deg,122583,18352,5,2530,2331,0.9213,1277,0.4626
kitti_mini,000015,tx,0.0,m,122583,18334,5,2227,2182,0.9798,1273,0.5806
kitti_mini,000015,tx,0.02,m,122583,18437,5,2247,2198,0.9782,1277,0.5853
kitti_mini,000015,tx,0.05,m,122583,18593,5,2276,2222,0.9763,1296,0.5829
kitti_mini,000015,tx,0.1,m,122583,18800,5,2325,2258,0.9712,1270,0.5911
kitti_mini,000015,tx,0.2,m,122583,19282,5,2444,2332,0.9542,1277,0.5903
kitti_mini,000015,ty,0.0,m,122583,18334,5,2227,2182,0.9798,1273,0.5806
kitti_mini,000015,ty,0.02,m,122583,18335,5,2223,2171,0.9766,1266,0.5764
kitti_mini,000015,ty,0.05,m,122583,18345,5,2219,2145,0.9667,1231,0.5923
kitti_mini,000015,ty,0.1,m,122583,18366,5,2209,2089,0.9457,1208,0.5889
kitti_mini,000015,ty,0.2,m,122583,18410,5,2189,1958,0.8945,1206,0.5865
kitti_mini,000015,tz,0.0,m,122583,18334,5,2227,2182,0.9798,1273,0.5806
kitti_mini,000015,tz,0.02,m,122583,18571,5,2283,2237,0.9799,1313,0.5877
kitti_mini,000015,tz,0.05,m,122583,18865,5,2377,2326,0.9785,1289,0.5959
kitti_mini,000015,tz,0.1,m,122583,19319,5,2516,2426,0.9642,1397,0.5802
kitti_mini,000015,tz,0.2,m,122583,20257,5,2815,2591,0.9204,1622,0.5395
kitti_mini,000016,yaw,0.0,deg,113070,17868,4,1851,1846,0.9973,224,0.4271
kitti_mini,000016,yaw,0.25,deg,113070,17876,4,1825,1816,0.9951,232,0.4068
kitti_mini,000016,yaw,0.5,deg,113070,17872,4,1798,1778,0.9889,241,0.3721
kitti_mini,000016,yaw,1.0,deg,113070,17871,4,1733,1698,0.9798,232,0.3465
kitti_mini,000016,yaw,2.0,deg,113070,17883,4,1605,1539,0.9589,205,0.4239
kitti_mini,000016,yaw,3.0,deg,113070,17899,4,1488,1398,0.9395,193,0.4326
kitti_mini,000016,pitch,0.0,deg,113070,17868,4,1851,1846,0.9973,224,0.4271
kitti_mini,000016,pitch,0.25,deg,113070,17689,4,1831,1820,0.994,232,0.4287
kitti_mini,000016,pitch,0.5,deg,113070,17426,4,1800,1766,0.9811,237,0.4286
kitti_mini,000016,pitch,1.0,deg,113070,16984,4,1738,1681,0.9672,225,0.4026
kitti_mini,000016,pitch,2.0,deg,113070,16079,4,1589,1497,0.9421,235,0.2565
kitti_mini,000016,pitch,3.0,deg,113070,15155,4,1398,1303,0.932,247,0.153
kitti_mini,000016,roll,0.0,deg,113070,17868,4,1851,1846,0.9973,224,0.4271
kitti_mini,000016,roll,0.25,deg,113070,17864,4,1863,1858,0.9973,243,0.4774
kitti_mini,000016,roll,0.5,deg,113070,17869,4,1873,1869,0.9979,212,0.4736
kitti_mini,000016,roll,1.0,deg,113070,17874,4,1892,1887,0.9974,222,0.4341
kitti_mini,000016,roll,2.0,deg,113070,17839,4,1923,1902,0.9891,217,0.3575
kitti_mini,000016,roll,3.0,deg,113070,17881,4,1943,1833,0.9434,227,0.2497
kitti_mini,000016,tx,0.0,m,113070,17868,4,1851,1846,0.9973,224,0.4271
kitti_mini,000016,tx,0.02,m,113070,17934,4,1863,1857,0.9968,226,0.4311
kitti_mini,000016,tx,0.05,m,113070,18081,4,1883,1877,0.9968,225,0.4241
kitti_mini,000016,tx,0.1,m,113070,18264,4,1911,1905,0.9969,220,0.4193
kitti_mini,000016,tx,0.2,m,113070,18669,4,1957,1952,0.9974,224,0.4608
kitti_mini,000016,ty,0.0,m,113070,17868,4,1851,1846,0.9973,224,0.4271
kitti_mini,000016,ty,0.02,m,113070,17869,4,1839,1835,0.9978,221,0.4285
kitti_mini,000016,ty,0.05,m,113070,17855,4,1815,1811,0.9978,220,0.4127
kitti_mini,000016,ty,0.1,m,113070,17841,4,1774,1770,0.9977,215,0.43
kitti_mini,000016,ty,0.2,m,113070,17818,4,1691,1681,0.9941,198,0.4616
kitti_mini,000016,tz,0.0,m,113070,17868,4,1851,1846,0.9973,224,0.4271
kitti_mini,000016,tz,0.02,m,113070,18069,4,1866,1862,0.9979,276,0.478
kitti_mini,000016,tz,0.05,m,113070,18342,4,1891,1884,0.9963,262,0.5073
kitti_mini,000016,tz,0.1,m,113070,18748,4,1927,1925,0.999,407,0.454
kitti_mini,000016,tz,0.2,m,113070,19648,4,1973,1876,0.9508,552,0.4844
kitti_mini,000019,yaw,0.0,deg,115697,18792,3,1361,1361,1.0,247,0.5236
kitti_mini,000019,yaw,0.25,deg,115697,18806,3,1361,1359,0.9985,247,0.4665
kitti_mini,000019,yaw,0.5,deg,115697,18828,3,1361,1348,0.9904,260,0.4134
kitti_mini,000019,yaw,1.0,deg,115697,18859,3,1361,1310,0.9625,256,0.3971
kitti_mini,000019,yaw,2.0,deg,115697,18912,3,1361,1204,0.8846,243,0.4596
kitti_mini,000019,yaw,3.0,deg,115697,18936,3,1361,1111,0.8163,248,0.4961
kitti_mini,000019,pitch,0.0,deg,115697,18792,3,1361,1361,1.0,247,0.5236
kitti_mini,000019,pitch,0.25,deg,115697,18607,3,1361,1346,0.989,249,0.4798
kitti_mini,000019,pitch,0.5,deg,115697,18358,3,1361,1335,0.9809,257,0.4796
kitti_mini,000019,pitch,1.0,deg,115697,17937,3,1361,1247,0.9162,241,0.4054
kitti_mini,000019,pitch,2.0,deg,115697,17031,3,1361,1072,0.7877,244,0.3316
kitti_mini,000019,pitch,3.0,deg,115697,16112,3,1361,970,0.7127,229,0.3705
kitti_mini,000019,roll,0.0,deg,115697,18792,3,1361,1361,1.0,247,0.5236
kitti_mini,000019,roll,0.25,deg,115697,18798,3,1361,1360,0.9993,249,0.5276
kitti_mini,000019,roll,0.5,deg,115697,18800,3,1361,1355,0.9956,251,0.5023
kitti_mini,000019,roll,1.0,deg,115697,18775,3,1361,1355,0.9956,261,0.4846
kitti_mini,000019,roll,2.0,deg,115697,18748,3,1361,1331,0.978,241,0.4532
kitti_mini,000019,roll,3.0,deg,115697,18782,3,1361,1296,0.9522,249,0.4085
kitti_mini,000019,tx,0.0,m,115697,18792,3,1361,1361,1.0,247,0.5236
kitti_mini,000019,tx,0.02,m,115697,18876,3,1361,1361,1.0,257,0.5144
kitti_mini,000019,tx,0.05,m,115697,19033,3,1361,1361,1.0,276,0.5219
kitti_mini,000019,tx,0.1,m,115697,19274,3,1361,1361,1.0,282,0.5306
kitti_mini,000019,tx,0.2,m,115697,19733,3,1361,1361,1.0,309,0.5358
kitti_mini,000019,ty,0.0,m,115697,18792,3,1361,1361,1.0,247,0.5236
kitti_mini,000019,ty,0.02,m,115697,18785,3,1361,1361,1.0,234,0.5012
kitti_mini,000019,ty,0.05,m,115697,18766,3,1361,1361,1.0,223,0.4965
kitti_mini,000019,ty,0.1,m,115697,18747,3,1361,1361,1.0,204,0.4934
kitti_mini,000019,ty,0.2,m,115697,18665,3,1361,1350,0.9919,198,0.4592
kitti_mini,000019,tz,0.0,m,115697,18792,3,1361,1361,1.0,247,0.5236
kitti_mini,000019,tz,0.02,m,115697,18992,3,1361,1361,1.0,256,0.5588
kitti_mini,000019,tz,0.05,m,115697,19214,3,1361,1339,0.9838,241,0.5664
kitti_mini,000019,tz,0.1,m,115697,19682,3,1361,1301,0.9559,301,0.5603
kitti_mini,000019,tz,0.2,m,115697,20591,3,1361,1208,0.8876,412,0.5302
kitti_mini,000021,yaw,0.0,deg,125260,19824,8,2605,2595,0.9962,252,0.4747
kitti_mini,000021,yaw,0.25,deg,125260,19830,8,2630,2623,0.9973,268,0.4866
kitti_mini,000021,yaw,0.5,deg,125260,19818,8,2649,2643,0.9977,281,0.5245
kitti_mini,000021,yaw,1.0,deg,125260,19827,8,2705,2622,0.9693,302,0.4814
kitti_mini,000021,yaw,2.0,deg,125260,19841,8,2802,2561,0.914,321,0.3708
kitti_mini,000021,yaw,3.0,deg,125260,19863,8,2899,2384,0.8224,344,0.2919
kitti_mini,000021,pitch,0.0,deg,125260,19824,8,2605,2595,0.9962,252,0.4747
kitti_mini,000021,pitch,0.25,deg,125260,19633,8,2589,2515,0.9714,239,0.4465
kitti_mini,000021,pitch,0.5,deg,125260,19367,8,2582,2422,0.938,244,0.4084
kitti_mini,000021,pitch,1.0,deg,125260,18931,8,2567,2186,0.8516,220,0.4199
kitti_mini,000021,pitch,2.0,deg,125260,17994,8,2546,1729,0.6791,231,0.447
kitti_mini,000021,pitch,3.0,deg,125260,17057,8,2534,1276,0.5036,219,0.367
kitti_mini,000021,roll,0.0,deg,125260,19824,8,2605,2595,0.9962,252,0.4747
kitti_mini,000021,roll,0.25,deg,125260,19826,8,2600,2581,0.9927,261,0.4955
kitti_mini,000021,roll,0.5,deg,125260,19830,8,2597,2582,0.9942,243,0.5669
kitti_mini,000021,roll,1.0,deg,125260,19824,8,2584,2522,0.976,251,0.5165
kitti_mini,000021,roll,2.0,deg,125260,19815,8,2576,2410,0.9356,261,0.4224
kitti_mini,000021,roll,3.0,deg,125260,19849,8,2576,2272,0.882,267,0.4157
kitti_mini,000021,tx,0.0,m,125260,19824,8,2605,2595,0.9962,252,0.4747
kitti_mini,000021,tx,0.02,m,125260,19908,8,2622,2615,0.9973,260,0.4837
kitti_mini,000021,tx,0.05,m,125260,20060,8,2655,2643,0.9955,281,0.4977
kitti_mini,000021,tx,0.1,m,125260,20270,8,2699,2695,0.9985,318,0.4856
kitti_mini,000021,tx,0.2,m,125260,20719,8,2802,2793,0.9968,341,0.4481
kitti_mini,000021,ty,0.0,m,125260,19824,8,2605,2595,0.9962,252,0.4747
kitti_mini,000021,ty,0.02,m,125260,19838,8,2626,2618,0.997,261,0.48
kitti_mini,000021,ty,0.05,m,125260,19845,8,2650,2646,0.9985,279,0.5019
kitti_mini,000021,ty,0.1,m,125260,19874,8,2699,2691,0.997,318,0.4962
kitti_mini,000021,ty,0.2,m,125260,19917,8,2794,2784,0.9964,350,0.4752
kitti_mini,000021,tz,0.0,m,125260,19824,8,2605,2595,0.9962,252,0.4747
kitti_mini,000021,tz,0.02,m,125260,20022,8,2614,2607,0.9973,252,0.5925
kitti_mini,000021,tz,0.05,m,125260,20280,8,2622,2607,0.9943,294,0.5464
kitti_mini,000021,tz,0.1,m,125260,20671,8,2642,2563,0.9701,351,0.4835
kitti_mini,000021,tz,0.2,m,125260,21541,8,2682,2476,0.9232,330,0.3437
kitti_mini,000023,yaw,0.0,deg,120412,18587,2,33,33,1.0,348,0.6365
kitti_mini,000023,yaw,0.25,deg,120412,18584,2,33,32,0.9697,375,0.6281
kitti_mini,000023,yaw,0.5,deg,120412,18585,2,33,23,0.697,371,0.6191
kitti_mini,000023,yaw,1.0,deg,120412,18583,2,33,7,0.2121,364,0.6175
kitti_mini,000023,yaw,2.0,deg,120412,18592,2,33,0,0.0,347,0.5712
kitti_mini,000023,yaw,3.0,deg,120412,18594,2,33,0,0.0,366,0.5576
kitti_mini,000023,pitch,0.0,deg,120412,18587,2,33,33,1.0,348,0.6365
kitti_mini,000023,pitch,0.25,deg,120412,18398,2,33,31,0.9394,336,0.5788
kitti_mini,000023,pitch,0.5,deg,120412,18129,2,33,29,0.8788,360,0.5377
kitti_mini,000023,pitch,1.0,deg,120412,17680,2,33,12,0.3636,343,0.544
kitti_mini,000023,pitch,2.0,deg,120412,16770,2,33,2,0.0606,329,0.4617
kitti_mini,000023,pitch,3.0,deg,120412,15836,2,33,0,0.0,321,0.3537
kitti_mini,000023,roll,0.0,deg,120412,18587,2,33,33,1.0,348,0.6365
kitti_mini,000023,roll,0.25,deg,120412,18588,2,33,33,1.0,362,0.6408
kitti_mini,000023,roll,0.5,deg,120412,18589,2,33,33,1.0,375,0.5783
kitti_mini,000023,roll,1.0,deg,120412,18586,2,33,31,0.9394,377,0.5368
kitti_mini,000023,roll,2.0,deg,120412,18562,2,33,31,0.9394,381,0.5917
kitti_mini,000023,roll,3.0,deg,120412,18614,2,33,31,0.9394,403,0.6016
kitti_mini,000023,tx,0.0,m,120412,18587,2,33,33,1.0,348,0.6365
kitti_mini,000023,tx,0.02,m,120412,18640,2,33,33,1.0,370,0.6578
kitti_mini,000023,tx,0.05,m,120412,18774,2,33,33,1.0,355,0.6558
kitti_mini,000023,tx,0.1,m,120412,18963,2,33,33,1.0,336,0.6679
kitti_mini,000023,tx,0.2,m,120412,19343,2,33,33,1.0,371,0.6826
kitti_mini,000023,ty,0.0,m,120412,18587,2,33,33,1.0,348,0.6365
kitti_mini,000023,ty,0.02,m,120412,18592,2,33,33,1.0,344,0.6384
kitti_mini,000023,ty,0.05,m,120412,18606,2,33,33,1.0,333,0.616
kitti_mini,000023,ty,0.1,m,120412,18616,2,33,33,1.0,327,0.6177
kitti_mini,000023,ty,0.2,m,120412,18662,2,33,32,0.9697,308,0.5766
kitti_mini,000023,tz,0.0,m,120412,18587,2,33,33,1.0,348,0.6365
kitti_mini,000023,tz,0.02,m,120412,18780,2,33,33,1.0,379,0.6384
kitti_mini,000023,tz,0.05,m,120412,19044,2,33,33,1.0,439,0.635
kitti_mini,000023,tz,0.1,m,120412,19446,2,33,33,1.0,498,0.5149
kitti_mini,000023,tz,0.2,m,120412,20328,2,33,31,0.9394,579,0.3286
kitti_mini,000025,yaw,0.0,deg,115780,17529,6,1686,1684,0.9988,570,0.5632
kitti_mini,000025,yaw,0.25,deg,115780,17528,6,1689,1680,0.9947,581,0.567
kitti_mini,000025,yaw,0.5,deg,115780,17534,6,1693,1651,0.9752,593,0.5513
kitti_mini,000025,yaw,1.0,deg,115780,17540,6,1702,1594,0.9365,604,0.517
kitti_mini,000025,yaw,2.0,deg,115780,17541,6,1718,1428,0.8312,617,0.5249
kitti_mini,000025,yaw,3.0,deg,115780,17514,6,1723,1262,0.7324,637,0.4833
kitti_mini,000025,pitch,0.0,deg,115780,17529,6,1686,1684,0.9988,570,0.5632
kitti_mini,000025,pitch,0.25,deg,115780,17385,6,1678,1657,0.9875,580,0.5636
kitti_mini,000025,pitch,0.5,deg,115780,17171,6,1669,1636,0.9802,609,0.535
kitti_mini,000025,pitch,1.0,deg,115780,16832,6,1653,1557,0.9419,571,0.4764
kitti_mini,000025,pitch,2.0,deg,115780,16151,6,1645,1371,0.8334,553,0.4281
kitti_mini,000025,pitch,3.0,deg,115780,15410,6,1625,1095,0.6738,554,0.4095
kitti_mini,000025,roll,0.0,deg,115780,17529,6,1686,1684,0.9988,570,0.5632
kitti_mini,000025,roll,0.25,deg,115780,17548,6,1681,1679,0.9988,577,0.5444
kitti_mini,000025,roll,0.5,deg,115780,17557,6,1677,1676,0.9994,603,0.569
kitti_mini,000025,roll,1.0,deg,115780,17598,6,1672,1667,0.997,598,0.5842
kitti_mini,000025,roll,2.0,deg,115780,17643,6,1656,1649,0.9958,610,0.5541
kitti_mini,000025,roll,3.0,deg,115780,17784,6,1655,1611,0.9734,624,0.5963
kitti_mini,000025,tx,0.0,m,115780,17529,6,1686,1684,0.9988,570,0.5632
kitti_mini,000025,tx,0.02,m,115780,17582,6,1689,1688,0.9994,594,0.5685
kitti_mini,000025,tx,0.05,m,115780,17697,6,1700,1693,0.9959,604,0.5689
kitti_mini,000025,tx,0.1,m,115780,17888,6,1713,1713,1.0,634,0.5706
kitti_mini,000025,tx,0.2,m,115780,18231,6,1729,1722,0.996,647,0.574
kitti_mini,000025,ty,0.0,m,115780,17529,6,1686,1684,0.9988,570,0.5632
kitti_mini,000025,ty,0.02,m,115780,17528,6,1689,1687,0.9988,571,0.5682
kitti_mini,000025,ty,0.05,m,115780,17539,6,1697,1691,0.9965,572,0.5644
kitti_mini,000025,ty,0.1,m,115780,17545,6,1705,1696,0.9947,577,0.5439
kitti_mini,000025,ty,0.2,m,115780,17552,6,1713,1635,0.9545,593,0.5059
kitti_mini,000025,tz,0.0,m,115780,17529,6,1686,1684,0.9988,570,0.5632
kitti_mini,000025,tz,0.02,m,115780,17685,6,1695,1692,0.9982,595,0.5845
kitti_mini,000025,tz,0.05,m,115780,17883,6,1697,1697,1.0,594,0.6223
kitti_mini,000025,tz,0.1,m,115780,18299,6,1728,1718,0.9942,749,0.5724
kitti_mini,000025,tz,0.2,m,115780,19051,6,1747,1620,0.9273,812,0.5597
kitti_mini,000031,yaw,0.0,deg,121291,18896,5,2746,2746,1.0,671,0.5479
kitti_mini,000031,yaw,0.25,deg,121291,18880,5,2746,2742,0.9985,687,0.5472
kitti_mini,000031,yaw,0.5,deg,121291,18877,5,2746,2720,0.9905,682,0.5153
kitti_mini,000031,yaw,1.0,deg,121291,18837,5,2746,2637,0.9603,681,0.4634
kitti_mini,000031,yaw,2.0,deg,121291,18783,5,2746,2383,0.8678,674,0.4239
kitti_mini,000031,yaw,3.0,deg,121291,18731,5,2746,2134,0.7771,684,0.3895
kitti_mini,000031,pitch,0.0,deg,121291,18896,5,2746,2746,1.0,671,0.5479
kitti_mini,000031,pitch,0.25,deg,121291,18697,5,2746,2740,0.9978,671,0.5311
kitti_mini,000031,pitch,0.5,deg,121291,18446,5,2746,2695,0.9814,632,0.4762
kitti_mini,000031,pitch,1.0,deg,121291,18014,5,2746,2605,0.9487,652,0.3737
kitti_mini,000031,pitch,2.0,deg,121291,17132,5,2746,2298,0.8369,628,0.337
kitti_mini,000031,pitch,3.0,deg,121291,16202,5,2730,1894,0.6938,603,0.3163
kitti_mini,000031,roll,0.0,deg,121291,18896,5,2746,2746,1.0,671,0.5479
kitti_mini,000031,roll,0.25,deg,121291,18890,5,2746,2746,1.0,649,0.5359
kitti_mini,000031,roll,0.5,deg,121291,18897,5,2746,2741,0.9982,633,0.5259
kitti_mini,000031,roll,1.0,deg,121291,18907,5,2746,2730,0.9942,624,0.5108
kitti_mini,000031,roll,2.0,deg,121291,18913,5,2746,2687,0.9785,639,0.4034
kitti_mini,000031,roll,3.0,deg,121291,18966,5,2746,2618,0.9534,656,0.3583
kitti_mini,000031,tx,0.0,m,121291,18896,5,2746,2746,1.0,671,0.5479
kitti_mini,000031,tx,0.02,m,121291,18953,5,2746,2746,1.0,682,0.5408
kitti_mini,000031,tx,0.05,m,121291,19067,5,2746,2746,1.0,673,0.5452
kitti_mini,000031,tx,0.1,m,121291,19259,5,2746,2746,1.0,694,0.5226
kitti_mini,000031,tx,0.2,m,121291,19620,5,2746,2746,1.0,710,0.5077
kitti_mini,000031,ty,0.0,m,121291,18896,5,2746,2746,1.0,671,0.5479
kitti_mini,000031,ty,0.02,m,121291,18897,5,2746,2746,1.0,688,0.5559
kitti_mini,000031,ty,0.05,m,121291,18893,5,2746,2745,0.9996,696,0.5491
kitti_mini,000031,ty,0.1,m,121291,18894,5,2746,2736,0.9964,708,0.5371
kitti_mini,000031,ty,0.2,m,121291,18894,5,2746,2686,0.9782,747,0.4879
kitti_mini,000031,tz,0.0,m,121291,18896,5,2746,2746,1.0,671,0.5479
kitti_mini,000031,tz,0.02,m,121291,19066,5,2746,2746,1.0,663,0.5355
kitti_mini,000031,tz,0.05,m,121291,19296,5,2746,2707,0.9858,766,0.5346
kitti_mini,000031,tz,0.1,m,121291,19751,5,2746,2629,0.9574,751,0.4859
kitti_mini,000031,tz,0.2,m,121291,20615,5,2746,2492,0.9075,913,0.4529
kitti_mini,000032,yaw,0.0,deg,118661,19535,10,4987,4985,0.9996,741,0.4978
kitti_mini,000032,yaw,0.25,deg,118661,19537,10,4987,4984,0.9994,730,0.5032
kitti_mini,000032,yaw,0.5,deg,118661,19547,10,4987,4963,0.9952,754,0.4799
kitti_mini,000032,yaw,1.0,deg,118661,19546,10,4987,4873,0.9771,772,0.4482
kitti_mini,000032,yaw,2.0,deg,118661,19548,10,4987,4625,0.9274,764,0.3923
kitti_mini,000032,yaw,3.0,deg,118661,19552,10,4987,4343,0.8709,743,0.3687
kitti_mini,000032,pitch,0.0,deg,118661,19535,10,4987,4985,0.9996,741,0.4978
kitti_mini,000032,pitch,0.25,deg,118661,19337,10,4987,4970,0.9966,743,0.4515
kitti_mini,000032,pitch,0.5,deg,118661,19069,10,4987,4943,0.9912,763,0.4271
kitti_mini,000032,pitch,1.0,deg,118661,18626,10,4987,4861,0.9747,768,0.3554
kitti_mini,000032,pitch,2.0,deg,118661,17704,10,4987,4589,0.9202,752,0.2993
kitti_mini,000032,pitch,3.0,deg,118661,16765,10,4981,3985,0.8,675,0.3049
kitti_mini,000032,roll,0.0,deg,118661,19535,10,4987,4985,0.9996,741,0.4978
kitti_mini,000032,roll,0.25,deg,118661,19534,10,4987,4981,0.9988,750,0.4998
kitti_mini,000032,roll,0.5,deg,118661,19538,10,4987,4981,0.9988,782,0.5005
kitti_mini,000032,roll,1.0,deg,118661,19534,10,4987,4933,0.9892,780,0.4714
kitti_mini,000032,roll,2.0,deg,118661,19512,10,4987,4775,0.9575,787,0.3982
kitti_mini,000032,roll,3.0,deg,118661,19561,10,4987,4621,0.9266,812,0.3841
kitti_mini,000032,tx,0.0,m,118661,19535,10,4987,4985,0.9996,741,0.4978
kitti_mini,000032,tx,0.02,m,118661,19595,10,4987,4987,1.0,737,0.4921
kitti_mini,000032,tx,0.05,m,118661,19739,10,4987,4987,1.0,744,0.4971
kitti_mini,000032,tx,0.1,m,118661,19921,10,4987,4987,1.0,749,0.4993
kitti_mini,000032,tx,0.2,m,118661,20304,10,4987,4987,1.0,772,0.4757
kitti_mini,000032,ty,0.0,m,118661,19535,10,4987,4985,0.9996,741,0.4978
kitti_mini,000032,ty,0.02,m,118661,19534,10,4987,4985,0.9996,740,0.4984
kitti_mini,000032,ty,0.05,m,118661,19529,10,4987,4985,0.9996,727,0.5036
kitti_mini,000032,ty,0.1,m,118661,19531,10,4987,4982,0.999,733,0.485
kitti_mini,000032,ty,0.2,m,118661,19527,10,4987,4942,0.991,727,0.4465
kitti_mini,000032,tz,0.0,m,118661,19535,10,4987,4985,0.9996,741,0.4978
kitti_mini,000032,tz,0.02,m,118661,19723,10,4987,4987,1.0,790,0.5136
kitti_mini,000032,tz,0.05,m,118661,19982,10,4987,4963,0.9952,950,0.4675
kitti_mini,000032,tz,0.1,m,118661,20379,10,4987,4840,0.9705,924,0.4406
kitti_mini,000032,tz,0.2,m,118661,21250,10,4987,4503,0.9029,966,0.469
kitti_mini,000043,yaw,0.0,deg,122591,19655,4,514,503,0.9786,556,0.521
kitti_mini,000043,yaw,0.25,deg,122591,19669,4,514,479,0.9319,550,0.5253
kitti_mini,000043,yaw,0.5,deg,122591,19689,4,514,419,0.8152,549,0.4866
kitti_mini,000043,yaw,1.0,deg,122591,19713,4,514,252,0.4903,548,0.4518
kitti_mini,000043,yaw,2.0,deg,122591,19769,4,514,17,0.0331,551,0.4614
kitti_mini,000043,yaw,3.0,deg,122591,19811,4,514,0,0.0,490,0.4464
kitti_mini,000043,pitch,0.0,deg,122591,19655,4,514,503,0.9786,556,0.521
kitti_mini,000043,pitch,0.25,deg,122591,19465,4,514,502,0.9767,563,0.4998
kitti_mini,000043,pitch,0.5,deg,122591,19200,4,514,478,0.93,582,0.4869
kitti_mini,000043,pitch,1.0,deg,122591,18768,4,514,459,0.893,527,0.487
kitti_mini,000043,pitch,2.0,deg,122591,17846,4,514,400,0.7782,532,0.4599
kitti_mini,000043,pitch,3.0,deg,122591,16922,4,514,313,0.6089,550,0.3891
kitti_mini,000043,roll,0.0,deg,122591,19655,4,514,503,0.9786,556,0.521
kitti_mini,000043,roll,0.25,deg,122591,19658,4,514,504,0.9805,574,0.5358
kitti_mini,000043,roll,0.5,deg,122591,19663,4,514,503,0.9786,573,0.5159
kitti_mini,000043,roll,1.0,deg,122591,19653,4,514,497,0.9669,563,0.5132
kitti_mini,000043,roll,2.0,deg,122591,19627,4,514,496,0.965,556,0.4685
kitti_mini,000043,roll,3.0,deg,122591,19671,4,514,482,0.9377,587,0.4665
kitti_mini,000043,tx,0.0,m,122591,19655,4,514,503,0.9786,556,0.521
kitti_mini,000043,tx,0.02,m,122591,19717,4,514,503,0.9786,553,0.5229
kitti_mini,000043,tx,0.05,m,122591,19868,4,514,505,0.9825,557,0.5288
kitti_mini,000043,tx,0.1,m,122591,20075,4,514,505,0.9825,565,0.5202
kitti_mini,000043,tx,0.2,m,122591,20492,4,514,505,0.9825,571,0.5194
kitti_mini,000043,ty,0.0,m,122591,19655,4,514,503,0.9786,556,0.521
kitti_mini,000043,ty,0.02,m,122591,19653,4,514,502,0.9767,554,0.5206
kitti_mini,000043,ty,0.05,m,122591,19659,4,514,490,0.9533,552,0.5192
kitti_mini,000043,ty,0.1,m,122591,19671,4,514,460,0.8949,537,0.519
kitti_mini,000043,ty,0.2,m,122591,19685,4,514,344,0.6693,546,0.4776
kitti_mini,000043,tz,0.0,m,122591,19655,4,514,503,0.9786,556,0.521
kitti_mini,000043,tz,0.02,m,122591,19858,4,514,503,0.9786,569,0.5088
kitti_mini,000043,tz,0.05,m,122591,20126,4,514,498,0.9689,560,0.532
kitti_mini,000043,tz,0.1,m,122591,20538,4,514,498,0.9689,598,0.5146
kitti_mini,000043,tz,0.2,m,122591,21447,4,514,467,0.9086,622,0.5147
kitti_mini,000048,yaw,0.0,deg,122675,19820,4,402,370,0.9204,1672,0.6199
kitti_mini,000048,yaw,0.25,deg,122675,19831,4,402,343,0.8532,1683,0.6167
kitti_mini,000048,yaw,0.5,deg,122675,19841,4,402,286,0.7114,1687,0.6063
kitti_mini,000048,yaw,1.0,deg,122675,19852,4,402,142,0.3532,1695,0.6106
kitti_mini,000048,yaw,2.0,deg,122675,19883,4,402,2,0.005,1699,0.6157
kitti_mini,000048,yaw,3.0,deg,122675,19897,4,402,0,0.0,1681,0.5924
kitti_mini,000048,pitch,0.0,deg,122675,19820,4,402,370,0.9204,1672,0.6199
kitti_mini,000048,pitch,0.25,deg,122675,19656,4,402,363,0.903,1699,0.6046
kitti_mini,000048,pitch,0.5,deg,122675,19376,4,402,352,0.8756,1739,0.6033
kitti_mini,000048,pitch,1.0,deg,122675,18960,4,402,328,0.8159,1721,0.5982
kitti_mini,000048,pitch,2.0,deg,122675,18133,4,402,272,0.6766,1685,0.5705
kitti_mini,000048,pitch,3.0,deg,122675,17164,4,402,182,0.4527,1631,0.5637
kitti_mini,000048,roll,0.0,deg,122675,19820,4,402,370,0.9204,1672,0.6199
kitti_mini,000048,roll,0.25,deg,122675,19834,4,402,370,0.9204,1722,0.6282
kitti_mini,000048,roll,0.5,deg,122675,19844,4,402,369,0.9179,1718,0.6268
kitti_mini,000048,roll,1.0,deg,122675,19852,4,402,368,0.9154,1723,0.6302
kitti_mini,000048,roll,2.0,deg,122675,19918,4,402,365,0.908,1726,0.6256
kitti_mini,000048,roll,3.0,deg,122675,19940,4,402,359,0.893,1794,0.6154
kitti_mini,000048,tx,0.0,m,122675,19820,4,402,370,0.9204,1672,0.6199
kitti_mini,000048,tx,0.02,m,122675,19945,4,402,372,0.9254,1702,0.6223
kitti_mini,000048,tx,0.05,m,122675,20108,4,402,373,0.9279,1710,0.6226
kitti_mini,000048,tx,0.1,m,122675,20362,4,402,374,0.9303,1681,0.6273
kitti_mini,000048,tx,0.2,m,122675,20880,4,402,373,0.9279,1729,0.6073
kitti_mini,000048,ty,0.0,m,122675,19820,4,402,370,0.9204,1672,0.6199
kitti_mini,000048,ty,0.02,m,122675,19827,4,402,363,0.903,1667,0.6231
kitti_mini,000048,ty,0.05,m,122675,19858,4,402,353,0.8781,1678,0.6276
kitti_mini,000048,ty,0.1,m,122675,19898,4,402,326,0.8109,1698,0.6213
kitti_mini,000048,ty,0.2,m,122675,19930,4,402,249,0.6194,1725,0.6265
kitti_mini,000048,tz,0.0,m,122675,19820,4,402,370,0.9204,1672,0.6199
kitti_mini,000048,tz,0.02,m,122675,20051,4,402,370,0.9204,1683,0.6235
kitti_mini,000048,tz,0.05,m,122675,20365,4,402,370,0.9204,1795,0.6178
kitti_mini,000048,tz,0.1,m,122675,20788,4,402,370,0.9204,2069,0.5963
kitti_mini,000048,tz,0.2,m,122675,21704,4,402,365,0.908,2542,0.5785
kitti_mini,000049,yaw,0.0,deg,113691,18093,18,4557,4523,0.9925,689,0.5738
kitti_mini,000049,yaw,0.25,deg,113691,18117,18,4558,4506,0.9886,687,0.5495
kitti_mini,000049,yaw,0.5,deg,113691,18134,18,4559,4443,0.9746,689,0.5119
kitti_mini,000049,yaw,1.0,deg,113691,18174,18,4553,4257,0.935,697,0.4767
kitti_mini,000049,yaw,2.0,deg,113691,18229,18,4516,3827,0.8474,733,0.4468
kitti_mini,000049,yaw,3.0,deg,113691,18231,18,4470,3322,0.7432,673,0.4701
kitti_mini,000049,pitch,0.0,deg,113691,18093,18,4557,4523,0.9925,689,0.5738
kitti_mini,000049,pitch,0.25,deg,113691,17897,18,4545,4484,0.9866,703,0.4994
kitti_mini,000049,pitch,0.5,deg,113691,17658,18,4540,4444,0.9789,692,0.4688
kitti_mini,000049,pitch,1.0,deg,113691,17240,18,4521,4214,0.9321,707,0.4493
kitti_mini,000049,pitch,2.0,deg,113691,16356,18,4488,3573,0.7961,685,0.3915
kitti_mini,000049,pitch,3.0,deg,113691,15480,18,4446,2788,0.6271,662,0.3617
kitti_mini,000049,roll,0.0,deg,113691,18093,18,4557,4523,0.9925,689,0.5738
kitti_mini,000049,roll,0.25,deg,113691,18076,18,4550,4514,0.9921,712,0.5282
kitti_mini,000049,roll,0.5,deg,113691,18072,18,4545,4467,0.9828,704,0.5048
kitti_mini,000049,roll,1.0,deg,113691,18070,18,4540,4369,0.9623,714,0.4526
kitti_mini,000049,roll,2.0,deg,113691,18049,18,4521,4260,0.9423,694,0.4376
kitti_mini,000049,roll,3.0,deg,113691,18103,18,4508,4096,0.9086,750,0.406
kitti_mini,000049,tx,0.0,m,113691,18093,18,4557,4523,0.9925,689,0.5738
kitti_mini,000049,tx,0.02,m,113691,18140,18,4559,4523,0.9921,708,0.5673
kitti_mini,000049,tx,0.05,m,113691,18260,18,4561,4520,0.991,709,0.5644
kitti_mini,000049,tx,0.1,m,113691,18425,18,4561,4512,0.9893,716,0.5516
kitti_mini,000049,tx,0.2,m,113691,18772,18,4573,4498,0.9836,775,0.5148
kitti_mini,000049,ty,0.0,m,113691,18093,18,4557,4523,0.9925,689,0.5738
kitti_mini,000049,ty,0.02,m,113691,18094,18,4557,4512,0.9901,701,0.5644
kitti_mini,000049,ty,0.05,m,113691,18103,18,4557,4503,0.9882,700,0.5459
kitti_mini,000049,ty,0.1,m,113691,18114,18,4557,4469,0.9807,712,0.532
kitti_mini,000049,ty,0.2,m,113691,18136,18,4555,4318,0.948,738,0.4971
kitti_mini,000049,tz,0.0,m,113691,18093,18,4557,4523,0.9925,689,0.5738
kitti_mini,000049,tz,0.02,m,113691,18262,18,4561,4530,0.9932,874,0.5204
kitti_mini,000049,tz,0.05,m,113691,18475,18,4570,4496,0.9838,900,0.5293
kitti_mini,000049,tz,0.1,m,113691,18923,18,4589,4336,0.9449,841,0.4917
kitti_mini,000049,tz,0.2,m,113691,19792,18,4627,4085,0.8829,1203,0.4354
kitti_mini,000061,yaw,0.0,deg,125247,19791,5,1262,1262,1.0,80,0.3988
kitti_mini,000061,yaw,0.25,deg,125247,19799,5,1242,1241,0.9992,74,0.3407
kitti_mini,000061,yaw,0.5,deg,125247,19813,5,1227,1222,0.9959,71,0.2741
kitti_mini,000061,yaw,1.0,deg,125247,19825,5,1187,1150,0.9688,81,0.2944
kitti_mini,000061,yaw,2.0,deg,125247,19866,5,1130,981,0.8681,67,0.2674
kitti_mini,000061,yaw,3.0,deg,125247,19899,5,1074,804,0.7486,57,0.2604
kitti_mini,000061,pitch,0.0,deg,125247,19791,5,1262,1262,1.0,80,0.3988
kitti_mini,000061,pitch,0.25,deg,125247,19589,5,1262,1258,0.9968,85,0.377
kitti_mini,000061,pitch,0.5,deg,125247,19329,5,1261,1254,0.9944,89,0.3917
kitti_mini,000061,pitch,1.0,deg,125247,18877,5,1256,1197,0.953,85,0.3773
kitti_mini,000061,pitch,2.0,deg,125247,17947,5,1249,1030,0.8247,89,0.2592
kitti_mini,000061,pitch,3.0,deg,125247,16996,5,1241,863,0.6954,78,0.1882
kitti_mini,000061,roll,0.0,deg,125247,19791,5,1262,1262,1.0,80,0.3988
kitti_mini,000061,roll,0.25,deg,125247,19792,5,1261,1261,1.0,88,0.432
kitti_mini,000061,roll,0.5,deg,125247,19795,5,1261,1258,0.9976,83,0.4943
kitti_mini,000061,roll,1.0,deg,125247,19790,5,1256,1230,0.9793,83,0.3617
kitti_mini,000061,roll,2.0,deg,125247,19774,5,1252,1144,0.9137,85,0.2953
kitti_mini,000061,roll,3.0,deg,125247,19799,5,1249,1022,0.8183,86,0.4125
kitti_mini,000061,tx,0.0,m,125247,19791,5,1262,1262,1.0,80,0.3988
kitti_mini,000061,tx,0.02,m,125247,19841,5,1267,1267,1.0,76,0.4149
kitti_mini,000061,tx,0.05,m,125247,19957,5,1274,1274,1.0,82,0.436
kitti_mini,000061,tx,0.1,m,125247,20125,5,1282,1281,0.9992,91,0.4254
kitti_mini,000061,tx,0.2,m,125247,20437,5,1304,1297,0.9946,100,0.4031
kitti_mini,000061,ty,0.0,m,125247,19791,5,1262,1262,1.0,80,0.3988
kitti_mini,000061,ty,0.02,m,125247,19792,5,1257,1257,1.0,78,0.4244
kitti_mini,000061,ty,0.05,m,125247,19797,5,1250,1250,1.0,77,0.4166
kitti_mini,000061,ty,0.1,m,125247,19803,5,1239,1239,1.0,71,0.4066
kitti_mini,000061,ty,0.2,m,125247,19823,5,1216,1213,0.9975,69,0.3261
kitti_mini,000061,tz,0.0,m,125247,19791,5,1262,1262,1.0,80,0.3988
kitti_mini,000061,tz,0.02,m,125247,19968,5,1262,1262,1.0,78,0.4437
kitti_mini,000061,tz,0.05,m,125247,20184,5,1262,1262,1.0,76,0.4629
kitti_mini,000061,tz,0.1,m,125247,20621,5,1262,1262,1.0,93,0.5017
kitti_mini,000061,tz,0.2,m,125247,21480,5,1262,1251,0.9913,103,0.4558
