frame,degradation,level,yaw_deg,n_points,object_points,hit_ratio,edge_points,edge_score
000001,random_dropout,1.0,0.0,120268,27,1.0,272,0.6242
000001,random_dropout,1.0,1.0,120268,27,0.1111,276,0.5117
000001,random_dropout,0.7,0.0,84248,21,1.0,155,0.6363
000001,random_dropout,0.7,1.0,84248,21,0.0476,169,0.5338
000001,random_dropout,0.5,0.0,60299,18,1.0,100,0.6598
000001,random_dropout,0.5,1.0,60299,18,0.0556,112,0.5241
000001,random_dropout,0.3,0.0,36041,9,1.0,42,0.7831
000001,random_dropout,0.3,1.0,36041,9,0.0,46,0.5959
000001,beam_dropout,1.0,0.0,120268,27,1.0,272,0.6242
000001,beam_dropout,1.0,1.0,120268,27,0.1111,276,0.5117
000001,beam_dropout,2.0,0.0,58875,17,1.0,87,0.6724
000001,beam_dropout,2.0,1.0,58875,17,0.1765,86,0.5385
000001,beam_dropout,4.0,0.0,28770,14,1.0,43,0.5755
000001,beam_dropout,4.0,1.0,28770,14,0.2143,41,0.5059
000001,beam_dropout,8.0,0.0,13541,10,1.0,15,0.5594
000001,beam_dropout,8.0,1.0,13541,10,0.3,13,0.3938
000001,gaussian_noise,0.0,0.0,120268,27,1.0,272,0.6242
000001,gaussian_noise,0.0,1.0,120268,27,0.1111,276,0.5117
000001,gaussian_noise,0.02,0.0,120268,26,1.0,395,0.6147
000001,gaussian_noise,0.02,1.0,120268,26,0.1154,414,0.5584
000001,gaussian_noise,0.05,0.0,120268,26,1.0,447,0.5968
000001,gaussian_noise,0.05,1.0,120268,26,0.1154,462,0.5787
000001,gaussian_noise,0.1,0.0,120268,24,1.0,649,0.5506
000001,gaussian_noise,0.1,1.0,120268,24,0.125,681,0.5347
000004,random_dropout,1.0,0.0,115976,103,1.0,241,0.3559
000004,random_dropout,1.0,1.0,115976,103,0.7961,252,0.4106
000004,random_dropout,0.7,0.0,81306,69,1.0,141,0.3656
000004,random_dropout,0.7,1.0,81306,69,0.8116,148,0.3897
000004,random_dropout,0.5,0.0,58220,48,1.0,76,0.3364
000004,random_dropout,0.5,1.0,58220,48,0.7708,84,0.3731
000004,random_dropout,0.3,0.0,34792,33,1.0,31,0.3988
000004,random_dropout,0.3,1.0,34792,33,0.7879,32,0.394
000004,beam_dropout,1.0,0.0,115976,103,1.0,241,0.3559
000004,beam_dropout,1.0,1.0,115976,103,0.7961,252,0.4106
000004,beam_dropout,2.0,0.0,58005,65,1.0,93,0.3608
000004,beam_dropout,2.0,1.0,58005,65,0.7846,103,0.3831
000004,beam_dropout,4.0,0.0,28720,45,1.0,41,0.4068
000004,beam_dropout,4.0,1.0,28720,45,0.7556,46,0.2925
000004,beam_dropout,8.0,0.0,13496,45,1.0,26,0.295
000004,beam_dropout,8.0,1.0,13496,45,0.7556,28,0.1853
000004,gaussian_noise,0.0,0.0,115976,103,1.0,241,0.3559
000004,gaussian_noise,0.0,1.0,115976,103,0.7961,252,0.4106
000004,gaussian_noise,0.02,0.0,115976,103,1.0,251,0.3465
000004,gaussian_noise,0.02,1.0,115976,103,0.7864,275,0.3543
000004,gaussian_noise,0.05,0.0,115976,100,1.0,332,0.3606
000004,gaussian_noise,0.05,1.0,115976,100,0.77,366,0.352
000004,gaussian_noise,0.1,0.0,115976,92,1.0,535,0.3851
000004,gaussian_noise,0.1,1.0,115976,92,0.7717,568,0.3458
000007,random_dropout,1.0,0.0,122798,240,1.0,309,0.3444
000007,random_dropout,1.0,1.0,122798,240,0.7167,298,0.3148
000007,random_dropout,0.7,0.0,86054,164,1.0,193,0.3651
000007,random_dropout,0.7,1.0,86054,164,0.7439,181,0.3391
000007,random_dropout,0.5,0.0,61571,125,1.0,111,0.4172
000007,random_dropout,0.5,1.0,61571,125,0.72,106,0.3089
000007,random_dropout,0.3,0.0,36789,76,1.0,39,0.4266
000007,random_dropout,0.3,1.0,36789,76,0.75,41,0.3428
000007,beam_dropout,1.0,0.0,122798,240,1.0,309,0.3444
000007,beam_dropout,1.0,1.0,122798,240,0.7167,298,0.3148
000007,beam_dropout,2.0,0.0,59994,133,1.0,102,0.3214
000007,beam_dropout,2.0,1.0,59994,133,0.7293,103,0.2842
000007,beam_dropout,4.0,0.0,30087,81,1.0,50,0.2994
000007,beam_dropout,4.0,1.0,30087,81,0.7407,47,0.388
000007,beam_dropout,8.0,0.0,14500,58,1.0,32,0.3081
000007,beam_dropout,8.0,1.0,14500,58,0.7414,28,0.346
000007,gaussian_noise,0.0,0.0,122798,240,1.0,309,0.3444
000007,gaussian_noise,0.0,1.0,122798,240,0.7167,298,0.3148
000007,gaussian_noise,0.02,0.0,122798,232,1.0,359,0.3383
000007,gaussian_noise,0.02,1.0,122798,232,0.7026,372,0.2972
000007,gaussian_noise,0.05,0.0,122798,212,1.0,447,0.3393
000007,gaussian_noise,0.05,1.0,122798,212,0.717,466,0.3005
000007,gaussian_noise,0.1,0.0,122798,194,1.0,719,0.3247
000007,gaussian_noise,0.1,1.0,122798,194,0.7268,751,0.2942
000008,random_dropout,1.0,0.0,122555,5127,0.9963,910,0.5064
000008,random_dropout,1.0,1.0,122555,5071,0.9862,916,0.4144
000008,random_dropout,0.7,0.0,85884,3631,0.9961,584,0.5034
000008,random_dropout,0.7,1.0,85884,3583,0.988,584,0.4202
000008,random_dropout,0.5,0.0,61460,2588,0.9977,384,0.4893
000008,random_dropout,0.5,1.0,61460,2558,0.9871,385,0.4155
000008,random_dropout,0.3,0.0,36727,1544,0.9974,181,0.4916
000008,random_dropout,0.3,1.0,36727,1526,0.9875,182,0.4169
000008,beam_dropout,1.0,0.0,122555,5127,0.9963,910,0.5064
000008,beam_dropout,1.0,1.0,122555,5071,0.9862,916,0.4144
000008,beam_dropout,2.0,0.0,56547,2673,0.9955,237,0.605
000008,beam_dropout,2.0,1.0,56547,2642,0.9856,256,0.4841
000008,beam_dropout,4.0,0.0,28966,1359,0.9971,85,0.561
000008,beam_dropout,4.0,1.0,28966,1347,0.9874,93,0.4276
000008,beam_dropout,8.0,0.0,13311,679,0.9985,45,0.5074
000008,beam_dropout,8.0,1.0,13311,676,0.9911,48,0.436
000008,gaussian_noise,0.0,0.0,122555,5127,0.9963,910,0.5064
000008,gaussian_noise,0.0,1.0,122555,5071,0.9862,916,0.4144
000008,gaussian_noise,0.02,0.0,122555,4970,0.9964,1070,0.4888
000008,gaussian_noise,0.02,1.0,122555,4915,0.9862,1075,0.4166
000008,gaussian_noise,0.05,0.0,122555,4610,0.9948,1219,0.4704
000008,gaussian_noise,0.05,1.0,122555,4559,0.9849,1211,0.4198
000008,gaussian_noise,0.1,0.0,122555,4130,0.9954,1407,0.4547
000008,gaussian_noise,0.1,1.0,122555,4105,0.981,1382,0.4146
000009,random_dropout,1.0,0.0,123928,224,1.0,167,0.4215
000009,random_dropout,1.0,1.0,123928,224,0.808,165,0.3856
000009,random_dropout,0.7,0.0,86843,149,1.0,91,0.4523
000009,random_dropout,0.7,1.0,86843,149,0.8188,88,0.4091
000009,random_dropout,0.5,0.0,62121,99,1.0,65,0.4294
000009,random_dropout,0.5,1.0,62121,99,0.8182,65,0.4303
000009,random_dropout,0.3,0.0,37121,59,1.0,28,0.4424
000009,random_dropout,0.3,1.0,37121,59,0.7966,29,0.4394
000009,beam_dropout,1.0,0.0,123928,224,1.0,167,0.4215
000009,beam_dropout,1.0,1.0,123928,224,0.808,165,0.3856
000009,beam_dropout,2.0,0.0,62209,157,1.0,62,0.4157
000009,beam_dropout,2.0,1.0,62209,157,0.8408,56,0.4447
000009,beam_dropout,4.0,0.0,31424,80,1.0,21,0.3713
000009,beam_dropout,4.0,1.0,31424,80,0.8125,20,0.4499
000009,beam_dropout,8.0,0.0,14896,31,1.0,8,0.4627
000009,beam_dropout,8.0,1.0,14896,31,0.8387,8,0.5194
000009,gaussian_noise,0.0,0.0,123928,224,1.0,167,0.4215
000009,gaussian_noise,0.0,1.0,123928,224,0.808,165,0.3856
000009,gaussian_noise,0.02,0.0,123928,211,1.0,197,0.3747
000009,gaussian_noise,0.02,1.0,123928,211,0.8104,202,0.3639
000009,gaussian_noise,0.05,0.0,123928,202,1.0,231,0.3639
000009,gaussian_noise,0.05,1.0,123928,202,0.797,242,0.3374
000009,gaussian_noise,0.1,0.0,123928,173,1.0,344,0.3233
000009,gaussian_noise,0.1,1.0,123928,173,0.8035,360,0.3245
000010,random_dropout,1.0,0.0,115875,2064,0.9971,331,0.4933
000010,random_dropout,1.0,1.0,115875,2106,0.9549,321,0.4143
000010,random_dropout,0.7,0.0,81239,1459,0.9973,206,0.5218
000010,random_dropout,0.7,1.0,81239,1490,0.9537,209,0.4335
000010,random_dropout,0.5,0.0,58171,1082,0.9972,130,0.5691
000010,random_dropout,0.5,1.0,58171,1105,0.9511,141,0.4807
000010,random_dropout,0.3,0.0,34763,679,0.9956,66,0.5289
000010,random_dropout,0.3,1.0,34763,692,0.9494,69,0.5099
000010,beam_dropout,1.0,0.0,115875,2064,0.9971,331,0.4933
000010,beam_dropout,1.0,1.0,115875,2106,0.9549,321,0.4143
000010,beam_dropout,2.0,0.0,57183,1007,0.997,140,0.472
000010,beam_dropout,2.0,1.0,57183,1027,0.9533,128,0.3707
000010,beam_dropout,4.0,0.0,29279,511,0.9961,82,0.4105
000010,beam_dropout,4.0,1.0,29279,523,0.9503,76,0.2991
000010,beam_dropout,8.0,0.0,14035,290,0.9931,48,0.4631
000010,beam_dropout,8.0,1.0,14035,301,0.9668,42,0.3859
000010,gaussian_noise,0.0,0.0,115875,2064,0.9971,331,0.4933
000010,gaussian_noise,0.0,1.0,115875,2106,0.9549,321,0.4143
000010,gaussian_noise,0.02,0.0,115875,2050,0.9961,404,0.4794
000010,gaussian_noise,0.02,1.0,115875,2092,0.9541,378,0.4259
000010,gaussian_noise,0.05,0.0,115875,1960,0.9939,525,0.4644
000010,gaussian_noise,0.05,1.0,115875,2002,0.9555,494,0.408
000010,gaussian_noise,0.1,0.0,115875,1815,0.9978,669,0.4254
000010,gaussian_noise,0.1,1.0,115875,1861,0.9581,634,0.3763
000011,random_dropout,1.0,0.0,108004,725,0.9945,329,0.5599
000011,random_dropout,1.0,1.0,108004,656,0.7744,334,0.4283
000011,random_dropout,0.7,0.0,75698,509,0.9941,196,0.5614
000011,random_dropout,0.7,1.0,75698,461,0.7874,202,0.4048
000011,random_dropout,0.5,0.0,54155,370,0.9973,116,0.5816
000011,random_dropout,0.5,1.0,54155,333,0.8138,124,0.4224
000011,random_dropout,0.3,0.0,32322,215,1.0,58,0.5475
000011,random_dropout,0.3,1.0,32322,197,0.8477,59,0.3989
000011,beam_dropout,1.0,0.0,108004,725,0.9945,329,0.5599
000011,beam_dropout,1.0,1.0,108004,656,0.7744,334,0.4283
000011,beam_dropout,2.0,0.0,50708,362,1.0,114,0.5927
000011,beam_dropout,2.0,1.0,50708,321,0.7726,130,0.4385
000011,beam_dropout,4.0,0.0,25209,167,1.0,70,0.5953
000011,beam_dropout,4.0,1.0,25209,144,0.8125,85,0.4024
000011,beam_dropout,8.0,0.0,12279,75,1.0,31,0.5008
000011,beam_dropout,8.0,1.0,12279,61,0.7049,38,0.3789
000011,gaussian_noise,0.0,0.0,108004,725,0.9945,329,0.5599
000011,gaussian_noise,0.0,1.0,108004,656,0.7744,334,0.4283
000011,gaussian_noise,0.02,0.0,108004,715,0.993,432,0.5308
000011,gaussian_noise,0.02,1.0,108004,653,0.7718,421,0.4292
000011,gaussian_noise,0.05,0.0,108004,676,0.9926,480,0.522
000011,gaussian_noise,0.05,1.0,108004,620,0.7677,496,0.4336
000011,gaussian_noise,0.1,0.0,108004,591,0.9831,632,0.4399
000011,gaussian_noise,0.1,1.0,108004,534,0.7491,651,0.3936
000012,random_dropout,1.0,0.0,120007,52,1.0,353,0.5957
000012,random_dropout,1.0,1.0,120007,52,0.6538,380,0.4584
000012,random_dropout,0.7,0.0,84051,36,1.0,208,0.6126
000012,random_dropout,0.7,1.0,84051,36,0.6667,228,0.4531
000012,random_dropout,0.5,0.0,60154,22,1.0,116,0.601
000012,random_dropout,0.5,1.0,60154,22,0.6364,127,0.4505
000012,random_dropout,0.3,0.0,35946,11,1.0,48,0.6409
000012,random_dropout,0.3,1.0,35946,11,0.7273,50,0.4588
000012,beam_dropout,1.0,0.0,120007,52,1.0,353,0.5957
000012,beam_dropout,1.0,1.0,120007,52,0.6538,380,0.4584
000012,beam_dropout,2.0,0.0,59252,33,1.0,80,0.601
000012,beam_dropout,2.0,1.0,59252,33,0.6364,72,0.4733
000012,beam_dropout,4.0,0.0,30695,30,1.0,42,0.627
000012,beam_dropout,4.0,1.0,30695,30,0.6,32,0.5325
000012,beam_dropout,8.0,0.0,15499,30,1.0,20,0.6546
000012,beam_dropout,8.0,1.0,15499,30,0.6,16,0.5574
000012,gaussian_noise,0.0,0.0,120007,52,1.0,353,0.5957
000012,gaussian_noise,0.0,1.0,120007,52,0.6538,380,0.4584
000012,gaussian_noise,0.02,0.0,120007,52,1.0,433,0.5916
000012,gaussian_noise,0.02,1.0,120007,52,0.6538,444,0.4431
000012,gaussian_noise,0.05,0.0,120007,50,1.0,551,0.5625
000012,gaussian_noise,0.05,1.0,120007,50,0.66,563,0.4277
000012,gaussian_noise,0.1,0.0,120007,47,1.0,761,0.5283
000012,gaussian_noise,0.1,1.0,120007,47,0.6383,781,0.4391
000015,random_dropout,1.0,0.0,122583,2227,0.9798,1273,0.5806
000015,random_dropout,1.0,1.0,122583,2182,0.8621,1267,0.5734
000015,random_dropout,0.7,0.0,85906,1572,0.9771,801,0.5865
000015,random_dropout,0.7,1.0,85906,1536,0.8633,802,0.5906
000015,random_dropout,0.5,0.0,61478,1115,0.9776,476,0.5795
000015,random_dropout,0.5,1.0,61478,1087,0.8638,484,0.5902
000015,random_dropout,0.3,0.0,36736,673,0.9792,204,0.5354
000015,random_dropout,0.3,1.0,36736,659,0.868,205,0.5865
000015,beam_dropout,1.0,0.0,122583,2227,0.9798,1273,0.5806
000015,beam_dropout,1.0,1.0,122583,2182,0.8621,1267,0.5734
000015,beam_dropout,2.0,0.0,58129,1110,0.982,411,0.5865
000015,beam_dropout,2.0,1.0,58129,1095,0.863,402,0.5972
000015,beam_dropout,4.0,0.0,29221,571,0.9825,219,0.5524
000015,beam_dropout,4.0,1.0,29221,558,0.8441,218,0.5805
000015,beam_dropout,8.0,0.0,13505,299,0.9766,76,0.6742
000015,beam_dropout,8.0,1.0,13505,293,0.8055,74,0.5898
000015,gaussian_noise,0.0,0.0,122583,2227,0.9798,1273,0.5806
000015,gaussian_noise,0.0,1.0,122583,2182,0.8621,1267,0.5734
000015,gaussian_noise,0.02,0.0,122583,2213,0.981,1445,0.5768
000015,gaussian_noise,0.02,1.0,122583,2167,0.8606,1438,0.556
000015,gaussian_noise,0.05,0.0,122583,2152,0.9786,1538,0.558
000015,gaussian_noise,0.05,1.0,122583,2113,0.8585,1554,0.5448
000015,gaussian_noise,0.1,0.0,122583,2028,0.9675,1820,0.5129
000015,gaussian_noise,0.1,1.0,122583,1989,0.8507,1820,0.5036
000016,random_dropout,1.0,0.0,113070,1851,0.9973,224,0.4271
000016,random_dropout,1.0,1.0,113070,1733,0.9798,232,0.3465
000016,random_dropout,0.7,0.0,79258,1255,0.9984,146,0.444
000016,random_dropout,0.7,1.0,79258,1173,0.9821,146,0.3644
000016,random_dropout,0.5,0.0,56732,914,0.9989,98,0.4867
000016,random_dropout,0.5,1.0,56732,849,0.9847,97,0.3731
000016,random_dropout,0.3,0.0,33872,536,0.9981,44,0.4637
000016,random_dropout,0.3,1.0,33872,493,0.9838,40,0.4012
000016,beam_dropout,1.0,0.0,113070,1851,0.9973,224,0.4271
000016,beam_dropout,1.0,1.0,113070,1733,0.9798,232,0.3465
000016,beam_dropout,2.0,0.0,55553,923,0.9978,66,0.4597
000016,beam_dropout,2.0,1.0,55553,870,0.9805,58,0.3311
000016,beam_dropout,4.0,0.0,28181,469,1.0,34,0.4356
000016,beam_dropout,4.0,1.0,28181,443,0.9797,26,0.3888
000016,beam_dropout,8.0,0.0,12940,269,1.0,15,0.3846
000016,beam_dropout,8.0,1.0,12940,255,0.9647,14,0.3368
000016,gaussian_noise,0.0,0.0,113070,1851,0.9973,224,0.4271
000016,gaussian_noise,0.0,1.0,113070,1733,0.9798,232,0.3465
000016,gaussian_noise,0.02,0.0,113070,1839,0.9984,336,0.4874
000016,gaussian_noise,0.02,1.0,113070,1722,0.982,320,0.4148
000016,gaussian_noise,0.05,0.0,113070,1797,0.9972,436,0.4771
000016,gaussian_noise,0.05,1.0,113070,1680,0.9815,421,0.4116
000016,gaussian_noise,0.1,0.0,113070,1642,0.9963,626,0.4219
000016,gaussian_noise,0.1,1.0,113070,1528,0.9745,605,0.3596
000019,random_dropout,1.0,0.0,115697,1361,1.0,247,0.5236
000019,random_dropout,1.0,1.0,115697,1361,0.9625,256,0.3971
000019,random_dropout,0.7,0.0,81116,968,1.0,169,0.5167
000019,random_dropout,0.7,1.0,81116,968,0.9576,170,0.3893
000019,random_dropout,0.5,0.0,58073,705,1.0,108,0.5301
000019,random_dropout,0.5,1.0,58073,705,0.9574,111,0.3913
000019,random_dropout,0.3,0.0,34699,441,1.0,43,0.5603
000019,random_dropout,0.3,1.0,34699,441,0.9433,42,0.4411
000019,beam_dropout,1.0,0.0,115697,1361,1.0,247,0.5236
000019,beam_dropout,1.0,1.0,115697,1361,0.9625,256,0.3971
000019,beam_dropout,2.0,0.0,53128,737,1.0,74,0.4886
000019,beam_dropout,2.0,1.0,53128,737,0.9607,77,0.3764
000019,beam_dropout,4.0,0.0,25739,400,1.0,42,0.4498
000019,beam_dropout,4.0,1.0,25739,400,0.9625,43,0.4526
000019,beam_dropout,8.0,0.0,12344,209,1.0,39,0.4239
000019,beam_dropout,8.0,1.0,12344,209,0.9378,37,0.5179
000019,gaussian_noise,0.0,0.0,115697,1361,1.0,247,0.5236
000019,gaussian_noise,0.0,1.0,115697,1361,0.9625,256,0.3971
000019,gaussian_noise,0.02,0.0,115697,1355,1.0,299,0.5319
000019,gaussian_noise,0.02,1.0,115697,1355,0.9638,302,0.4345
000019,gaussian_noise,0.05,0.0,115697,1307,1.0,396,0.4938
000019,gaussian_noise,0.05,1.0,115697,1307,0.9617,382,0.4129
000019,gaussian_noise,0.1,0.0,115697,1211,1.0,555,0.421
000019,gaussian_noise,0.1,1.0,115697,1211,0.9637,543,0.3479
000021,random_dropout,1.0,0.0,125260,2605,0.9962,252,0.4747
000021,random_dropout,1.0,1.0,125260,2705,0.9693,302,0.4814
000021,random_dropout,0.7,0.0,87750,1806,0.9972,139,0.5018
000021,random_dropout,0.7,1.0,87750,1881,0.966,177,0.4734
000021,random_dropout,0.5,0.0,62767,1295,0.9969,90,0.5109
000021,random_dropout,0.5,1.0,62767,1352,0.9689,119,0.4604
000021,random_dropout,0.3,0.0,37507,781,0.9949,44,0.4799
000021,random_dropout,0.3,1.0,37507,816,0.9681,56,0.427
000021,beam_dropout,1.0,0.0,125260,2605,0.9962,252,0.4747
000021,beam_dropout,1.0,1.0,125260,2705,0.9693,302,0.4814
000021,beam_dropout,2.0,0.0,60541,1308,0.9969,65,0.5559
000021,beam_dropout,2.0,1.0,60541,1358,0.9728,80,0.4925
000021,beam_dropout,4.0,0.0,30057,768,0.9961,22,0.4898
000021,beam_dropout,4.0,1.0,30057,797,0.9762,29,0.4109
000021,beam_dropout,8.0,0.0,13751,351,0.9972,6,0.4649
000021,beam_dropout,8.0,1.0,13751,368,0.9755,8,0.585
000021,gaussian_noise,0.0,0.0,125260,2605,0.9962,252,0.4747
000021,gaussian_noise,0.0,1.0,125260,2705,0.9693,302,0.4814
000021,gaussian_noise,0.02,0.0,125260,2558,0.9973,300,0.5258
000021,gaussian_noise,0.02,1.0,125260,2666,0.9715,359,0.5008
000021,gaussian_noise,0.05,0.0,125260,2498,0.9972,342,0.5078
000021,gaussian_noise,0.05,1.0,125260,2598,0.9742,402,0.4375
000021,gaussian_noise,0.1,0.0,125260,2337,0.9979,455,0.4457
000021,gaussian_noise,0.1,1.0,125260,2421,0.9773,509,0.3959
000023,random_dropout,1.0,0.0,120412,33,1.0,348,0.6365
000023,random_dropout,1.0,1.0,120412,33,0.2121,364,0.6175
000023,random_dropout,0.7,0.0,84343,25,1.0,234,0.6275
000023,random_dropout,0.7,1.0,84343,25,0.24,243,0.6409
000023,random_dropout,0.5,0.0,60362,16,1.0,146,0.6577
000023,random_dropout,0.5,1.0,60362,16,0.3125,147,0.6712
000023,random_dropout,0.3,0.0,36074,6,1.0,64,0.7376
000023,random_dropout,0.3,1.0,36074,6,0.3333,72,0.678
000023,beam_dropout,1.0,0.0,120412,33,1.0,348,0.6365
000023,beam_dropout,1.0,1.0,120412,33,0.2121,364,0.6175
000023,beam_dropout,2.0,0.0,58824,23,1.0,127,0.6547
000023,beam_dropout,2.0,1.0,58824,23,0.3043,129,0.6229
000023,beam_dropout,4.0,0.0,28700,20,1.0,54,0.6394
000023,beam_dropout,4.0,1.0,28700,20,0.35,54,0.6044
000023,beam_dropout,8.0,0.0,13560,16,1.0,14,0.5232
000023,beam_dropout,8.0,1.0,13560,16,0.4375,14,0.3219
000023,gaussian_noise,0.0,0.0,120412,33,1.0,348,0.6365
000023,gaussian_noise,0.0,1.0,120412,33,0.2121,364,0.6175
000023,gaussian_noise,0.02,0.0,120412,33,1.0,455,0.6834
000023,gaussian_noise,0.02,1.0,120412,33,0.2121,460,0.6003
000023,gaussian_noise,0.05,0.0,120412,31,1.0,515,0.6057
000023,gaussian_noise,0.05,1.0,120412,31,0.1935,521,0.5996
000023,gaussian_noise,0.1,0.0,120412,27,1.0,763,0.5228
000023,gaussian_noise,0.1,1.0,120412,27,0.2222,780,0.542
000025,random_dropout,1.0,0.0,115780,1686,0.9988,570,0.5632
000025,random_dropout,1.0,1.0,115780,1702,0.9365,604,0.517
000025,random_dropout,0.7,0.0,81171,1168,0.9991,340,0.5703
000025,random_dropout,0.7,1.0,81171,1179,0.9372,370,0.5421
000025,random_dropout,0.5,0.0,58113,836,0.9988,207,0.5767
000025,random_dropout,0.5,1.0,58113,840,0.9345,213,0.5555
000025,random_dropout,0.3,0.0,34726,507,0.998,84,0.569
000025,random_dropout,0.3,1.0,34726,508,0.9409,80,0.5373
000025,beam_dropout,1.0,0.0,115780,1686,0.9988,570,0.5632
000025,beam_dropout,1.0,1.0,115780,1702,0.9365,604,0.517
000025,beam_dropout,2.0,0.0,53733,829,0.9976,132,0.6007
000025,beam_dropout,2.0,1.0,53733,831,0.923,137,0.527
000025,beam_dropout,4.0,0.0,27557,380,0.9947,70,0.6366
000025,beam_dropout,4.0,1.0,27557,382,0.9267,69,0.4944
000025,beam_dropout,8.0,0.0,13154,206,1.0,46,0.6474
000025,beam_dropout,8.0,1.0,13154,208,0.9231,44,0.5387
000025,gaussian_noise,0.0,0.0,115780,1686,0.9988,570,0.5632
000025,gaussian_noise,0.0,1.0,115780,1702,0.9365,604,0.517
000025,gaussian_noise,0.02,0.0,115780,1693,0.9988,676,0.5662
000025,gaussian_noise,0.02,1.0,115780,1709,0.9339,703,0.5104
000025,gaussian_noise,0.05,0.0,115780,1662,0.9994,753,0.5448
000025,gaussian_noise,0.05,1.0,115780,1678,0.9362,777,0.5034
000025,gaussian_noise,0.1,0.0,115780,1540,1.0,909,0.5197
000025,gaussian_noise,0.1,1.0,115780,1555,0.937,920,0.495
000031,random_dropout,1.0,0.0,121291,2746,1.0,671,0.5479
000031,random_dropout,1.0,1.0,121291,2746,0.9603,681,0.4634
000031,random_dropout,0.7,0.0,84990,1877,1.0,433,0.5473
000031,random_dropout,0.7,1.0,84990,1877,0.9595,449,0.4814
000031,random_dropout,0.5,0.0,60821,1367,1.0,285,0.5484
000031,random_dropout,0.5,1.0,60821,1367,0.959,294,0.4765
000031,random_dropout,0.3,0.0,36338,824,1.0,121,0.5455
000031,random_dropout,0.3,1.0,36338,824,0.9575,128,0.4985
000031,beam_dropout,1.0,0.0,121291,2746,1.0,671,0.5479
000031,beam_dropout,1.0,1.0,121291,2746,0.9603,681,0.4634
000031,beam_dropout,2.0,0.0,56968,1291,1.0,188,0.546
000031,beam_dropout,2.0,1.0,56968,1291,0.962,194,0.4519
000031,beam_dropout,4.0,0.0,27999,756,1.0,141,0.5552
000031,beam_dropout,4.0,1.0,27999,756,0.9656,145,0.4783
000031,beam_dropout,8.0,0.0,12865,373,1.0,104,0.6142
000031,beam_dropout,8.0,1.0,12865,373,0.9678,109,0.5438
000031,gaussian_noise,0.0,0.0,121291,2746,1.0,671,0.5479
000031,gaussian_noise,0.0,1.0,121291,2746,0.9603,681,0.4634
000031,gaussian_noise,0.02,0.0,121291,2728,0.9996,763,0.544
000031,gaussian_noise,0.02,1.0,121291,2728,0.9578,776,0.4672
000031,gaussian_noise,0.05,0.0,121291,2661,1.0,869,0.5137
000031,gaussian_noise,0.05,1.0,121291,2661,0.9635,880,0.4481
000031,gaussian_noise,0.1,0.0,121291,2491,1.0,1030,0.4457
000031,gaussian_noise,0.1,1.0,121291,2491,0.9651,1062,0.4149
000032,random_dropout,1.0,0.0,118661,4987,0.9996,741,0.4978
000032,random_dropout,1.0,1.0,118661,4987,0.9771,772,0.4482
000032,random_dropout,0.7,0.0,83133,3475,0.9997,456,0.5096
000032,random_dropout,0.7,1.0,83133,3475,0.9778,476,0.4486
000032,random_dropout,0.5,0.0,59541,2456,1.0,283,0.5009
000032,random_dropout,0.5,1.0,59541,2456,0.9752,298,0.4385
000032,random_dropout,0.3,0.0,35594,1463,1.0,144,0.4664
000032,random_dropout,0.3,1.0,35594,1463,0.9754,153,0.4333
000032,beam_dropout,1.0,0.0,118661,4987,0.9996,741,0.4978
000032,beam_dropout,1.0,1.0,118661,4987,0.9771,772,0.4482
000032,beam_dropout,2.0,0.0,56992,2398,0.9992,196,0.4423
000032,beam_dropout,2.0,1.0,56992,2398,0.9825,213,0.4161
000032,beam_dropout,4.0,0.0,28640,1197,0.9983,107,0.4596
000032,beam_dropout,4.0,1.0,28640,1197,0.9799,116,0.4329
000032,beam_dropout,8.0,0.0,13062,496,0.996,71,0.4518
000032,beam_dropout,8.0,1.0,13062,496,0.9698,80,0.4082
000032,gaussian_noise,0.0,0.0,118661,4987,0.9996,741,0.4978
000032,gaussian_noise,0.0,1.0,118661,4987,0.9771,772,0.4482
000032,gaussian_noise,0.02,0.0,118661,4948,0.9998,876,0.4915
000032,gaussian_noise,0.02,1.0,118661,4948,0.9778,862,0.4648
000032,gaussian_noise,0.05,0.0,118661,4815,1.0,975,0.4687
000032,gaussian_noise,0.05,1.0,118661,4815,0.9778,978,0.4364
000032,gaussian_noise,0.1,0.0,118661,4530,0.9996,1177,0.4318
000032,gaussian_noise,0.1,1.0,118661,4530,0.9784,1186,0.4036
000043,random_dropout,1.0,0.0,122591,514,0.9786,556,0.521
000043,random_dropout,1.0,1.0,122591,514,0.4903,548,0.4518
000043,random_dropout,0.7,0.0,85912,357,0.9748,334,0.5264
000043,random_dropout,0.7,1.0,85912,357,0.493,327,0.4722
000043,random_dropout,0.5,0.0,61479,259,0.9691,199,0.5316
000043,random_dropout,0.5,1.0,61479,259,0.5251,191,0.4797
000043,random_dropout,0.3,0.0,36737,151,0.9603,91,0.5246
000043,random_dropout,0.3,1.0,36737,151,0.5166,92,0.4345
000043,beam_dropout,1.0,0.0,122591,514,0.9786,556,0.521
000043,beam_dropout,1.0,1.0,122591,514,0.4903,548,0.4518
000043,beam_dropout,2.0,0.0,57362,234,0.9786,151,0.5316
000043,beam_dropout,2.0,1.0,57362,234,0.4658,147,0.4363
000043,beam_dropout,4.0,0.0,28830,136,0.9706,86,0.5201
000043,beam_dropout,4.0,1.0,28830,136,0.4779,76,0.4507
000043,beam_dropout,8.0,0.0,13609,56,0.9643,53,0.5779
000043,beam_dropout,8.0,1.0,13609,56,0.4821,51,0.4882
000043,gaussian_noise,0.0,0.0,122591,514,0.9786,556,0.521
000043,gaussian_noise,0.0,1.0,122591,514,0.4903,548,0.4518
000043,gaussian_noise,0.02,0.0,122591,525,0.9714,604,0.5175
000043,gaussian_noise,0.02,1.0,122591,525,0.4857,575,0.4427
000043,gaussian_noise,0.05,0.0,122591,516,0.9651,661,0.4996
000043,gaussian_noise,0.05,1.0,122591,516,0.4903,653,0.4405
000043,gaussian_noise,0.1,0.0,122591,493,0.9635,806,0.4598
000043,gaussian_noise,0.1,1.0,122591,493,0.5112,782,0.4216
000048,random_dropout,1.0,0.0,122675,402,0.9204,1672,0.6199
000048,random_dropout,1.0,1.0,122675,402,0.3532,1695,0.6106
000048,random_dropout,0.7,0.0,85969,276,0.9348,1047,0.618
000048,random_dropout,0.7,1.0,85969,276,0.3442,1070,0.6056
000048,random_dropout,0.5,0.0,61510,187,0.9144,635,0.6255
000048,random_dropout,0.5,1.0,61510,187,0.3048,648,0.6057
000048,random_dropout,0.3,0.0,36758,101,0.901,250,0.6352
000048,random_dropout,0.3,1.0,36758,101,0.2772,268,0.6188
000048,beam_dropout,1.0,0.0,122675,402,0.9204,1672,0.6199
000048,beam_dropout,1.0,1.0,122675,402,0.3532,1695,0.6106
000048,beam_dropout,2.0,0.0,58147,215,0.907,506,0.6486
000048,beam_dropout,2.0,1.0,58147,215,0.3488,511,0.6238
000048,beam_dropout,4.0,0.0,29206,82,0.9268,253,0.6629
000048,beam_dropout,4.0,1.0,29206,82,0.3659,260,0.6302
000048,beam_dropout,8.0,0.0,13680,51,0.8824,114,0.6395
000048,beam_dropout,8.0,1.0,13680,51,0.4118,113,0.5555
000048,gaussian_noise,0.0,0.0,122675,402,0.9204,1672,0.6199
000048,gaussian_noise,0.0,1.0,122675,402,0.3532,1695,0.6106
000048,gaussian_noise,0.02,0.0,122675,405,0.9259,2037,0.6243
000048,gaussian_noise,0.02,1.0,122675,405,0.3457,2030,0.6065
000048,gaussian_noise,0.05,0.0,122675,406,0.9089,2208,0.6147
000048,gaussian_noise,0.05,1.0,122675,406,0.3571,2187,0.6086
000048,gaussian_noise,0.1,0.0,122675,408,0.8971,2573,0.6078
000048,gaussian_noise,0.1,1.0,122675,408,0.3799,2564,0.5867
000049,random_dropout,1.0,0.0,113691,4557,0.9925,689,0.5738
000049,random_dropout,1.0,1.0,113691,4553,0.935,697,0.4767
000049,random_dropout,0.7,0.0,79687,3164,0.993,432,0.5666
000049,random_dropout,0.7,1.0,79687,3164,0.9343,442,0.449
000049,random_dropout,0.5,0.0,57029,2257,0.9934,264,0.5644
000049,random_dropout,0.5,1.0,57029,2257,0.9358,263,0.4368
000049,random_dropout,0.3,0.0,34061,1352,0.9941,125,0.5658
000049,random_dropout,0.3,1.0,34061,1351,0.9363,120,0.4652
000049,beam_dropout,1.0,0.0,113691,4557,0.9925,689,0.5738
000049,beam_dropout,1.0,1.0,113691,4553,0.935,697,0.4767
000049,beam_dropout,2.0,0.0,53820,2278,0.9917,187,0.6647
000049,beam_dropout,2.0,1.0,53820,2274,0.9301,189,0.5445
000049,beam_dropout,4.0,0.0,26934,1182,0.9907,100,0.7151
000049,beam_dropout,4.0,1.0,26934,1182,0.9315,104,0.6081
000049,beam_dropout,8.0,0.0,13029,570,0.9877,33,0.5902
000049,beam_dropout,8.0,1.0,13029,570,0.9404,42,0.3931
000049,gaussian_noise,0.0,0.0,113691,4557,0.9925,689,0.5738
000049,gaussian_noise,0.0,1.0,113691,4553,0.935,697,0.4767
000049,gaussian_noise,0.02,0.0,113691,4460,0.9922,965,0.5407
000049,gaussian_noise,0.02,1.0,113691,4453,0.9358,968,0.4587
000049,gaussian_noise,0.05,0.0,113691,4269,0.9902,1107,0.5055
000049,gaussian_noise,0.05,1.0,113691,4265,0.9369,1140,0.458
000049,gaussian_noise,0.1,0.0,113691,3963,0.9879,1415,0.4494
000049,gaussian_noise,0.1,1.0,113691,3958,0.9426,1395,0.4435
000061,random_dropout,1.0,0.0,125247,1262,1.0,80,0.3988
000061,random_dropout,1.0,1.0,125247,1187,0.9688,81,0.2944
000061,random_dropout,0.7,0.0,87740,914,1.0,42,0.3666
000061,random_dropout,0.7,1.0,87740,864,0.9688,40,0.2893
000061,random_dropout,0.5,0.0,62759,621,1.0,28,0.3793
000061,random_dropout,0.5,1.0,62759,594,0.963,26,0.2657
000061,random_dropout,0.3,0.0,37502,358,1.0,10,0.2051
000061,random_dropout,0.3,1.0,37502,342,0.9649,11,0.2385
000061,beam_dropout,1.0,0.0,125247,1262,1.0,80,0.3988
000061,beam_dropout,1.0,1.0,125247,1187,0.9688,81,0.2944
000061,beam_dropout,2.0,0.0,59309,541,1.0,28,0.3027
000061,beam_dropout,2.0,1.0,59309,507,0.9684,24,0.2228
000061,beam_dropout,4.0,0.0,28474,234,1.0,17,0.3407
000061,beam_dropout,4.0,1.0,28474,218,0.9679,14,0.2798
000061,beam_dropout,8.0,0.0,13053,90,1.0,7,0.269
000061,beam_dropout,8.0,1.0,13053,84,0.9643,5,0.2007
000061,gaussian_noise,0.0,0.0,125247,1262,1.0,80,0.3988
000061,gaussian_noise,0.0,1.0,125247,1187,0.9688,81,0.2944
000061,gaussian_noise,0.02,0.0,125247,1265,0.9992,98,0.4027
000061,gaussian_noise,0.02,1.0,125247,1190,0.9672,96,0.2863
000061,gaussian_noise,0.05,0.0,125247,1228,1.0,123,0.4582
000061,gaussian_noise,0.05,1.0,125247,1150,0.9687,111,0.3129
000061,gaussian_noise,0.1,0.0,125247,1125,1.0,196,0.3647
000061,gaussian_noise,0.1,1.0,125247,1052,0.9696,171,0.2561
