dataset,axis,level,unit,n_frames,mean_frame_hit,det_rate_hit<0.9,hit_ratio_auc,hit_ratio_rank,edge_score_auc,edge_score_rank
kitti_mini,yaw,0.0,deg,20,0.9926,0.0,0.5,0.0,0.5,0.0
kitti_mini,yaw,0.25,deg,20,0.9752,0.05,0.774,0.85,0.55,0.75
kitti_mini,yaw,0.5,deg,20,0.917,0.25,0.895,0.95,0.62,0.85
kitti_mini,yaw,1.0,deg,20,0.7704,0.5,0.966,1.0,0.708,0.9
kitti_mini,yaw,2.0,deg,20,0.5888,0.8,0.993,1.0,0.743,0.95
kitti_mini,yaw,3.0,deg,20,0.4871,0.9,0.998,1.0,0.752,0.95
kitti_mini,pitch,0.0,deg,20,0.9926,0.0,0.5,0.0,0.5,0.0
kitti_mini,pitch,0.25,deg,20,0.9731,0.05,0.764,0.85,0.59,0.8
kitti_mini,pitch,0.5,deg,20,0.931,0.35,0.927,1.0,0.664,0.95
kitti_mini,pitch,1.0,deg,20,0.7828,0.5,0.98,1.0,0.73,1.0
kitti_mini,pitch,2.0,deg,20,0.6142,0.8,0.998,1.0,0.812,0.9
kitti_mini,pitch,3.0,deg,20,0.481,0.95,0.998,1.0,0.89,0.95
kitti_mini,roll,0.0,deg,20,0.9926,0.0,0.5,0.0,0.5,0.0
kitti_mini,roll,0.25,deg,20,0.9924,0.0,0.511,0.3,0.485,0.4
kitti_mini,roll,0.5,deg,20,0.9916,0.0,0.55,0.4,0.512,0.55
kitti_mini,roll,1.0,deg,20,0.9825,0.0,0.72,0.75,0.603,0.7
kitti_mini,roll,2.0,deg,20,0.9531,0.05,0.865,0.9,0.665,0.9
kitti_mini,roll,3.0,deg,20,0.9101,0.25,0.931,0.95,0.695,0.9
kitti_mini,tx,0.0,m,20,0.9926,0.0,0.5,0.0,0.5,0.0
kitti_mini,tx,0.02,m,20,0.9929,0.0,0.481,0.15,0.502,0.45
kitti_mini,tx,0.05,m,20,0.9929,0.0,0.497,0.25,0.502,0.65
kitti_mini,tx,0.1,m,20,0.9928,0.0,0.469,0.3,0.525,0.55
kitti_mini,tx,0.2,m,20,0.9899,0.0,0.529,0.3,0.57,0.65
kitti_mini,ty,0.0,m,20,0.9926,0.0,0.5,0.0,0.5,0.0
kitti_mini,ty,0.02,m,20,0.9913,0.0,0.499,0.25,0.505,0.5
kitti_mini,ty,0.05,m,20,0.9879,0.05,0.541,0.4,0.52,0.5
kitti_mini,ty,0.1,m,20,0.9759,0.1,0.644,0.55,0.55,0.7
kitti_mini,ty,0.2,m,20,0.9352,0.15,0.825,0.85,0.667,0.7
kitti_mini,tz,0.0,m,20,0.9926,0.0,0.5,0.0,0.5,0.0
kitti_mini,tz,0.02,m,20,0.9928,0.0,0.471,0.05,0.464,0.35
kitti_mini,tz,0.05,m,20,0.9892,0.0,0.593,0.5,0.465,0.5
kitti_mini,tz,0.1,m,20,0.9791,0.0,0.644,0.5,0.583,0.55
kitti_mini,tz,0.2,m,20,0.9353,0.15,0.855,0.85,0.675,0.7
nuscenes_mini_subset,yaw,0.0,deg,20,0.9994,0.0,0.5,0.0,0.5,0.0
nuscenes_mini_subset,yaw,0.25,deg,20,0.9962,0.0,0.651,0.35,0.383,0.222
nuscenes_mini_subset,yaw,0.5,deg,20,0.9734,0.05,0.94,0.9,0.516,0.5
nuscenes_mini_subset,yaw,1.0,deg,20,0.8933,0.35,1.0,1.0,0.68,0.75
nuscenes_mini_subset,yaw,2.0,deg,20,0.728,0.9,1.0,1.0,0.623,0.778
nuscenes_mini_subset,yaw,3.0,deg,20,0.6067,1.0,1.0,1.0,0.648,0.556
nuscenes_mini_subset,pitch,0.0,deg,20,0.9994,0.0,0.5,0.0,0.5,0.0
nuscenes_mini_subset,pitch,0.25,deg,20,0.9982,0.0,0.574,0.15,0.578,0.5
nuscenes_mini_subset,pitch,0.5,deg,20,0.9925,0.0,0.755,0.6,0.531,0.333
nuscenes_mini_subset,pitch,1.0,deg,20,0.9882,0.0,0.762,0.6,0.469,0.25
nuscenes_mini_subset,pitch,2.0,deg,20,0.9528,0.1,0.917,0.85,0.594,0.625
nuscenes_mini_subset,pitch,3.0,deg,20,0.9153,0.3,0.945,0.9,0.593,0.667
nuscenes_mini_subset,roll,0.0,deg,20,0.9994,0.0,0.5,0.0,0.5,0.0
nuscenes_mini_subset,roll,0.25,deg,20,0.9967,0.0,0.627,0.3,0.43,0.375
nuscenes_mini_subset,roll,0.5,deg,20,0.9942,0.0,0.583,0.25,0.445,0.5
nuscenes_mini_subset,roll,1.0,deg,20,0.9555,0.1,0.945,0.9,0.653,0.571
nuscenes_mini_subset,roll,2.0,deg,20,0.7892,0.85,1.0,1.0,0.333,0.333
nuscenes_mini_subset,roll,3.0,deg,20,0.6051,1.0,1.0,1.0,0.5,0.5
nuscenes_mini_subset,tx,0.0,m,20,0.9994,0.0,0.5,0.0,0.5,0.0
nuscenes_mini_subset,tx,0.02,m,20,1.0,0.0,0.45,0.0,0.438,0.5
nuscenes_mini_subset,tx,0.05,m,20,0.9975,0.0,0.6,0.25,0.609,0.625
nuscenes_mini_subset,tx,0.1,m,20,0.9959,0.0,0.631,0.35,0.625,0.75
nuscenes_mini_subset,tx,0.2,m,20,0.974,0.05,0.925,0.85,0.508,0.5
nuscenes_mini_subset,ty,0.0,m,20,0.9994,0.0,0.5,0.0,0.5,0.0
nuscenes_mini_subset,ty,0.02,m,20,0.9992,0.0,0.545,0.15,0.481,0.333
nuscenes_mini_subset,ty,0.05,m,20,0.9998,0.0,0.472,0.05,0.484,0.25
nuscenes_mini_subset,ty,0.1,m,20,0.9978,0.0,0.646,0.3,0.586,0.556
nuscenes_mini_subset,ty,0.2,m,20,0.998,0.0,0.574,0.2,0.605,0.667
nuscenes_mini_subset,tz,0.0,m,20,0.9994,0.0,0.5,0.0,0.5,0.0
nuscenes_mini_subset,tz,0.02,m,20,0.9987,0.0,0.573,0.15,0.583,0.833
nuscenes_mini_subset,tz,0.05,m,20,0.9988,0.0,0.569,0.15,0.5,0.6
nuscenes_mini_subset,tz,0.1,m,20,0.9958,0.0,0.624,0.25,0.551,0.429
nuscenes_mini_subset,tz,0.2,m,20,0.9798,0.0,0.743,0.55,0.617,0.556
