dataset,frame,stage,run,ms
kitti_mini,000011,projection,1,15.595
kitti_mini,000011,projection,2,15.674
kitti_mini,000011,projection,3,16.026
kitti_mini,000011,projection,4,15.346
kitti_mini,000011,projection,5,16.032
kitti_mini,000011,projection,6,16.209
kitti_mini,000011,projection,7,15.394
kitti_mini,000011,projection,8,15.245
kitti_mini,000011,projection,9,17.581
kitti_mini,000011,projection,10,16.006
kitti_mini,000011,projection,11,15.87
kitti_mini,000011,projection,12,16.159
kitti_mini,000011,projection,13,17.327
kitti_mini,000011,projection,14,20.395
kitti_mini,000011,projection,15,17.061
kitti_mini,000011,projection,16,16.86
kitti_mini,000011,projection,17,15.619
kitti_mini,000011,projection,18,15.487
kitti_mini,000011,projection,19,15.575
kitti_mini,000011,projection,20,16.383
kitti_mini,000011,frame_setup,1,64.56
kitti_mini,000011,frame_setup,2,60.857
kitti_mini,000011,frame_setup,3,59.501
kitti_mini,000011,frame_setup,4,59.217
kitti_mini,000011,frame_setup,5,62.526
kitti_mini,000011,frame_setup,6,62.286
kitti_mini,000011,frame_setup,7,66.164
kitti_mini,000011,frame_setup,8,64.725
kitti_mini,000011,frame_setup,9,63.866
kitti_mini,000011,frame_setup,10,63.304
kitti_mini,000011,frame_setup,11,64.758
kitti_mini,000011,frame_setup,12,67.973
kitti_mini,000011,frame_setup,13,82.048
kitti_mini,000011,frame_setup,14,70.89
kitti_mini,000011,frame_setup,15,68.763
kitti_mini,000011,frame_setup,16,69.537
kitti_mini,000011,frame_setup,17,78.938
kitti_mini,000011,frame_setup,18,83.713
kitti_mini,000011,frame_setup,19,73.611
kitti_mini,000011,frame_setup,20,72.065
kitti_mini,000011,qa_evaluate,1,36.041
kitti_mini,000011,qa_evaluate,2,36.193
kitti_mini,000011,qa_evaluate,3,44.265
kitti_mini,000011,qa_evaluate,4,48.71
kitti_mini,000011,qa_evaluate,5,65.026
kitti_mini,000011,qa_evaluate,6,60.295
kitti_mini,000011,qa_evaluate,7,48.022
kitti_mini,000011,qa_evaluate,8,44.374
kitti_mini,000011,qa_evaluate,9,48.409
kitti_mini,000011,qa_evaluate,10,49.664
kitti_mini,000011,qa_evaluate,11,40.546
kitti_mini,000011,qa_evaluate,12,41.535
kitti_mini,000011,qa_evaluate,13,43.051
kitti_mini,000011,qa_evaluate,14,40.635
kitti_mini,000011,qa_evaluate,15,39.723
kitti_mini,000011,qa_evaluate,16,46.31
kitti_mini,000011,qa_evaluate,17,48.792
kitti_mini,000011,qa_evaluate,18,40.534
kitti_mini,000011,qa_evaluate,19,34.541
kitti_mini,000011,qa_evaluate,20,40.114
kitti_mini,000011,qa_full,1,125.471
kitti_mini,000011,qa_full,2,109.968
kitti_mini,000011,qa_full,3,112.6
kitti_mini,000011,qa_full,4,120.48
kitti_mini,000011,qa_full,5,106.608
kitti_mini,000011,qa_full,6,106.749
kitti_mini,000011,qa_full,7,104.554
kitti_mini,000011,qa_full,8,112.557
kitti_mini,000011,qa_full,9,120.861
kitti_mini,000011,qa_full,10,99.858
kitti_mini,000011,qa_full,11,104.196
kitti_mini,000011,qa_full,12,105.0
kitti_mini,000011,qa_full,13,114.393
kitti_mini,000011,qa_full,14,96.539
kitti_mini,000011,qa_full,15,93.265
kitti_mini,000011,qa_full,16,90.977
kitti_mini,000011,qa_full,17,101.492
kitti_mini,000011,qa_full,18,106.117
kitti_mini,000011,qa_full,19,92.99
kitti_mini,000011,qa_full,20,96.816
nuscenes_mini_subset,scene-0103_010,projection,1,3.507
nuscenes_mini_subset,scene-0103_010,projection,2,4.195
nuscenes_mini_subset,scene-0103_010,projection,3,3.796
nuscenes_mini_subset,scene-0103_010,projection,4,3.621
nuscenes_mini_subset,scene-0103_010,projection,5,3.55
nuscenes_mini_subset,scene-0103_010,projection,6,4.016
nuscenes_mini_subset,scene-0103_010,projection,7,4.115
nuscenes_mini_subset,scene-0103_010,projection,8,3.929
nuscenes_mini_subset,scene-0103_010,projection,9,3.962
nuscenes_mini_subset,scene-0103_010,projection,10,4.158
nuscenes_mini_subset,scene-0103_010,projection,11,4.717
nuscenes_mini_subset,scene-0103_010,projection,12,3.782
nuscenes_mini_subset,scene-0103_010,projection,13,3.998
nuscenes_mini_subset,scene-0103_010,projection,14,3.875
nuscenes_mini_subset,scene-0103_010,projection,15,3.918
nuscenes_mini_subset,scene-0103_010,projection,16,3.696
nuscenes_mini_subset,scene-0103_010,projection,17,3.553
nuscenes_mini_subset,scene-0103_010,projection,18,3.584
nuscenes_mini_subset,scene-0103_010,projection,19,4.902
nuscenes_mini_subset,scene-0103_010,projection,20,4.493
nuscenes_mini_subset,scene-0103_010,frame_setup,1,55.881
nuscenes_mini_subset,scene-0103_010,frame_setup,2,48.285
nuscenes_mini_subset,scene-0103_010,frame_setup,3,49.393
nuscenes_mini_subset,scene-0103_010,frame_setup,4,50.33
nuscenes_mini_subset,scene-0103_010,frame_setup,5,47.125
nuscenes_mini_subset,scene-0103_010,frame_setup,6,47.544
nuscenes_mini_subset,scene-0103_010,frame_setup,7,59.397
nuscenes_mini_subset,scene-0103_010,frame_setup,8,51.827
nuscenes_mini_subset,scene-0103_010,frame_setup,9,53.513
nuscenes_mini_subset,scene-0103_010,frame_setup,10,53.009
nuscenes_mini_subset,scene-0103_010,frame_setup,11,56.923
nuscenes_mini_subset,scene-0103_010,frame_setup,12,57.816
nuscenes_mini_subset,scene-0103_010,frame_setup,13,52.65
nuscenes_mini_subset,scene-0103_010,frame_setup,14,51.934
nuscenes_mini_subset,scene-0103_010,frame_setup,15,52.438
nuscenes_mini_subset,scene-0103_010,frame_setup,16,55.756
nuscenes_mini_subset,scene-0103_010,frame_setup,17,56.241
nuscenes_mini_subset,scene-0103_010,frame_setup,18,66.796
nuscenes_mini_subset,scene-0103_010,frame_setup,19,67.036
nuscenes_mini_subset,scene-0103_010,frame_setup,20,60.823
nuscenes_mini_subset,scene-0103_010,qa_evaluate,1,17.872
nuscenes_mini_subset,scene-0103_010,qa_evaluate,2,19.1
nuscenes_mini_subset,scene-0103_010,qa_evaluate,3,17.025
nuscenes_mini_subset,scene-0103_010,qa_evaluate,4,16.165
nuscenes_mini_subset,scene-0103_010,qa_evaluate,5,15.783
nuscenes_mini_subset,scene-0103_010,qa_evaluate,6,16.432
nuscenes_mini_subset,scene-0103_010,qa_evaluate,7,18.864
nuscenes_mini_subset,scene-0103_010,qa_evaluate,8,16.278
nuscenes_mini_subset,scene-0103_010,qa_evaluate,9,15.724
nuscenes_mini_subset,scene-0103_010,qa_evaluate,10,16.774
nuscenes_mini_subset,scene-0103_010,qa_evaluate,11,17.528
nuscenes_mini_subset,scene-0103_010,qa_evaluate,12,17.601
nuscenes_mini_subset,scene-0103_010,qa_evaluate,13,15.804
nuscenes_mini_subset,scene-0103_010,qa_evaluate,14,15.119
nuscenes_mini_subset,scene-0103_010,qa_evaluate,15,15.124
nuscenes_mini_subset,scene-0103_010,qa_evaluate,16,16.739
nuscenes_mini_subset,scene-0103_010,qa_evaluate,17,15.879
nuscenes_mini_subset,scene-0103_010,qa_evaluate,18,18.636
nuscenes_mini_subset,scene-0103_010,qa_evaluate,19,22.317
nuscenes_mini_subset,scene-0103_010,qa_evaluate,20,17.232
nuscenes_mini_subset,scene-0103_010,qa_full,1,73.657
nuscenes_mini_subset,scene-0103_010,qa_full,2,73.681
nuscenes_mini_subset,scene-0103_010,qa_full,3,70.176
nuscenes_mini_subset,scene-0103_010,qa_full,4,82.651
nuscenes_mini_subset,scene-0103_010,qa_full,5,90.082
nuscenes_mini_subset,scene-0103_010,qa_full,6,92.181
nuscenes_mini_subset,scene-0103_010,qa_full,7,87.925
nuscenes_mini_subset,scene-0103_010,qa_full,8,99.567
nuscenes_mini_subset,scene-0103_010,qa_full,9,81.769
nuscenes_mini_subset,scene-0103_010,qa_full,10,69.036
nuscenes_mini_subset,scene-0103_010,qa_full,11,70.737
nuscenes_mini_subset,scene-0103_010,qa_full,12,74.611
nuscenes_mini_subset,scene-0103_010,qa_full,13,91.679
nuscenes_mini_subset,scene-0103_010,qa_full,14,112.459
nuscenes_mini_subset,scene-0103_010,qa_full,15,75.923
nuscenes_mini_subset,scene-0103_010,qa_full,16,71.024
nuscenes_mini_subset,scene-0103_010,qa_full,17,65.613
nuscenes_mini_subset,scene-0103_010,qa_full,18,69.208
nuscenes_mini_subset,scene-0103_010,qa_full,19,72.447
nuscenes_mini_subset,scene-0103_010,qa_full,20,78.653
