dataset,axis,level,group,n_objects,mean_hit,median_shift_px,median_box_w_px
kitti_mini,pitch,0.0,cyclist,6,0.991,0.0,17.35
kitti_mini,pitch,0.0,pedestrian,18,0.9545,0.0,27.95
kitti_mini,pitch,0.0,vehicle,77,0.999,0.0,82.5
kitti_mini,pitch,0.25,cyclist,6,0.9299,3.17,17.35
kitti_mini,pitch,0.25,pedestrian,18,0.9499,3.195,27.95
kitti_mini,pitch,0.25,vehicle,77,0.9723,3.2,82.5
kitti_mini,pitch,0.5,cyclist,6,0.8747,6.34,17.35
kitti_mini,pitch,0.5,pedestrian,18,0.8921,6.385,27.95
kitti_mini,pitch,0.5,vehicle,77,0.9104,6.39,82.5
kitti_mini,pitch,1.0,cyclist,6,0.7095,12.685,17.35
kitti_mini,pitch,1.0,pedestrian,18,0.8358,12.775,27.95
kitti_mini,pitch,1.0,vehicle,77,0.7478,12.79,82.5
kitti_mini,pitch,2.0,cyclist,6,0.3133,25.38,17.35
kitti_mini,pitch,2.0,pedestrian,18,0.6652,25.575,27.95
kitti_mini,pitch,2.0,vehicle,77,0.5448,25.62,82.5
kitti_mini,pitch,3.0,cyclist,6,0.1623,38.1,17.35
kitti_mini,pitch,3.0,pedestrian,18,0.4599,38.4,27.95
kitti_mini,pitch,3.0,vehicle,77,0.402,38.48,82.5
kitti_mini,roll,0.0,cyclist,6,0.991,0.0,17.35
kitti_mini,roll,0.0,pedestrian,18,0.9545,0.0,27.95
kitti_mini,roll,0.0,vehicle,77,0.999,0.0,82.5
kitti_mini,roll,0.25,cyclist,6,0.9899,0.325,17.35
kitti_mini,roll,0.25,pedestrian,18,0.9549,0.555,27.95
kitti_mini,roll,0.25,vehicle,77,0.9986,0.73,82.5
kitti_mini,roll,0.5,cyclist,6,0.9934,0.645,17.35
kitti_mini,roll,0.5,pedestrian,18,0.9526,1.11,27.95
kitti_mini,roll,0.5,vehicle,77,0.9949,1.46,82.5
kitti_mini,roll,1.0,cyclist,6,0.9696,1.295,17.35
kitti_mini,roll,1.0,pedestrian,18,0.9445,2.22,27.95
kitti_mini,roll,1.0,vehicle,77,0.974,2.92,82.5
kitti_mini,roll,2.0,cyclist,6,0.9545,2.585,17.35
kitti_mini,roll,2.0,pedestrian,18,0.912,4.435,27.95
kitti_mini,roll,2.0,vehicle,77,0.9428,5.83,82.5
kitti_mini,roll,3.0,cyclist,6,0.8869,3.88,17.35
kitti_mini,roll,3.0,pedestrian,18,0.8705,6.655,27.95
kitti_mini,roll,3.0,vehicle,77,0.8994,8.75,82.5
kitti_mini,tx,0.0,cyclist,6,0.991,0.0,17.35
kitti_mini,tx,0.0,pedestrian,18,0.9545,0.0,27.95
kitti_mini,tx,0.0,vehicle,77,0.999,0.0,82.5
kitti_mini,tx,0.02,cyclist,6,0.9942,0.03,17.35
kitti_mini,tx,0.02,pedestrian,18,0.9555,0.15,27.95
kitti_mini,tx,0.02,vehicle,77,0.9992,0.15,82.5
kitti_mini,tx,0.05,cyclist,6,0.9915,0.085,17.35
kitti_mini,tx,0.05,pedestrian,18,0.9542,0.375,27.95
kitti_mini,tx,0.05,vehicle,77,0.9988,0.37,82.5
kitti_mini,tx,0.1,cyclist,6,0.9976,0.165,17.35
kitti_mini,tx,0.1,pedestrian,18,0.9504,0.75,27.95
kitti_mini,tx,0.1,vehicle,77,0.9994,0.74,82.5
kitti_mini,tx,0.2,cyclist,6,0.9961,0.33,17.35
kitti_mini,tx,0.2,pedestrian,18,0.9343,1.485,27.95
kitti_mini,tx,0.2,vehicle,77,0.9978,1.47,82.5
kitti_mini,ty,0.0,cyclist,6,0.991,0.0,17.35
kitti_mini,ty,0.0,pedestrian,18,0.9545,0.0,27.95
kitti_mini,ty,0.0,vehicle,77,0.999,0.0,82.5
kitti_mini,ty,0.02,cyclist,6,0.9936,0.37,17.35
kitti_mini,ty,0.02,pedestrian,18,0.9445,0.855,27.95
kitti_mini,ty,0.02,vehicle,77,0.999,0.69,82.5
kitti_mini,ty,0.05,cyclist,6,0.9971,0.935,17.35
kitti_mini,ty,0.05,pedestrian,18,0.9233,2.13,27.95
kitti_mini,ty,0.05,vehicle,77,0.9981,1.71,82.5
kitti_mini,ty,0.1,cyclist,6,0.978,1.87,17.35
kitti_mini,ty,0.1,pedestrian,18,0.8695,4.26,27.95
kitti_mini,ty,0.1,vehicle,77,0.9961,3.43,82.5
kitti_mini,ty,0.2,cyclist,6,0.9201,3.74,17.35
kitti_mini,ty,0.2,pedestrian,18,0.6944,8.51,27.95
kitti_mini,ty,0.2,vehicle,77,0.9684,6.86,82.5
kitti_mini,tz,0.0,cyclist,6,0.991,0.0,17.35
kitti_mini,tz,0.0,pedestrian,18,0.9545,0.0,27.95
kitti_mini,tz,0.0,vehicle,77,0.999,0.0,82.5
kitti_mini,tz,0.02,cyclist,6,0.994,0.37,17.35
kitti_mini,tz,0.02,pedestrian,18,0.9547,0.85,27.95
kitti_mini,tz,0.02,vehicle,77,0.9983,0.69,82.5
kitti_mini,tz,0.05,cyclist,6,0.9893,0.935,17.35
kitti_mini,tz,0.05,pedestrian,18,0.95,2.13,27.95
kitti_mini,tz,0.05,vehicle,77,0.9928,1.71,82.5
kitti_mini,tz,0.1,cyclist,6,0.9575,1.87,17.35
kitti_mini,tz,0.1,pedestrian,18,0.9487,4.25,27.95
kitti_mini,tz,0.1,vehicle,77,0.972,3.43,82.5
kitti_mini,tz,0.2,cyclist,6,0.9142,3.74,17.35
kitti_mini,tz,0.2,pedestrian,18,0.9206,8.51,27.95
kitti_mini,tz,0.2,vehicle,77,0.9181,6.86,82.5
kitti_mini,yaw,0.0,cyclist,6,0.991,0.0,17.35
kitti_mini,yaw,0.0,pedestrian,18,0.9545,0.0,27.95
kitti_mini,yaw,0.0,vehicle,77,0.999,0.0,82.5
kitti_mini,yaw,0.25,cyclist,6,0.9129,3.2,17.35
kitti_mini,yaw,0.25,pedestrian,18,0.8799,3.29,27.95
kitti_mini,yaw,0.25,vehicle,77,0.9887,3.38,82.5
kitti_mini,yaw,0.5,cyclist,6,0.7086,6.395,17.35
kitti_mini,yaw,0.5,pedestrian,18,0.7376,6.585,27.95
kitti_mini,yaw,0.5,vehicle,77,0.9491,6.77,82.5
kitti_mini,yaw,1.0,cyclist,6,0.3062,12.78,17.35
kitti_mini,yaw,1.0,pedestrian,18,0.4088,13.175,27.95
kitti_mini,yaw,1.0,vehicle,77,0.8611,13.53,82.5
kitti_mini,yaw,2.0,cyclist,6,0.1654,25.525,17.35
kitti_mini,yaw,2.0,pedestrian,18,0.1177,26.36,27.95
kitti_mini,yaw,2.0,vehicle,76,0.6669,26.86,84.2
kitti_mini,yaw,3.0,cyclist,6,0.1642,38.24,17.35
kitti_mini,yaw,3.0,pedestrian,18,0.0504,39.58,27.95
kitti_mini,yaw,3.0,vehicle,76,0.53,40.145,84.2
nuscenes_mini_subset,pitch,0.0,cyclist,1,1.0,0.0,113.8
nuscenes_mini_subset,pitch,0.0,pedestrian,7,1.0,0.0,121.1
nuscenes_mini_subset,pitch,0.0,vehicle,62,0.9988,0.0,240.8
nuscenes_mini_subset,pitch,0.25,cyclist,1,1.0,2.07,113.8
nuscenes_mini_subset,pitch,0.25,pedestrian,7,1.0,2.34,121.1
nuscenes_mini_subset,pitch,0.25,vehicle,62,0.9983,1.95,240.8
nuscenes_mini_subset,pitch,0.5,cyclist,1,1.0,4.14,113.8
nuscenes_mini_subset,pitch,0.5,pedestrian,7,1.0,4.68,121.1
nuscenes_mini_subset,pitch,0.5,vehicle,62,0.9969,3.905,240.8
nuscenes_mini_subset,pitch,1.0,cyclist,1,1.0,8.29,113.8
nuscenes_mini_subset,pitch,1.0,pedestrian,7,1.0,9.36,121.1
nuscenes_mini_subset,pitch,1.0,vehicle,62,0.998,7.815,240.8
nuscenes_mini_subset,pitch,2.0,cyclist,1,1.0,16.57,113.8
nuscenes_mini_subset,pitch,2.0,pedestrian,7,0.9714,18.72,121.1
nuscenes_mini_subset,pitch,2.0,vehicle,62,0.9486,15.62,240.8
nuscenes_mini_subset,pitch,3.0,cyclist,1,1.0,24.85,113.8
nuscenes_mini_subset,pitch,3.0,pedestrian,7,0.9324,28.07,121.1
nuscenes_mini_subset,pitch,3.0,vehicle,62,0.9108,23.43,240.8
nuscenes_mini_subset,roll,0.0,cyclist,1,1.0,0.0,113.8
nuscenes_mini_subset,roll,0.0,pedestrian,7,1.0,0.0,121.1
nuscenes_mini_subset,roll,0.0,vehicle,62,0.9988,0.0,240.8
nuscenes_mini_subset,roll,0.25,cyclist,1,1.0,5.65,113.8
nuscenes_mini_subset,roll,0.25,pedestrian,7,1.0,5.87,121.1
nuscenes_mini_subset,roll,0.25,vehicle,62,0.992,5.685,240.8
nuscenes_mini_subset,roll,0.5,cyclist,1,1.0,11.3,113.8
nuscenes_mini_subset,roll,0.5,pedestrian,7,1.0,11.74,121.1
nuscenes_mini_subset,roll,0.5,vehicle,62,0.9895,11.365,240.8
nuscenes_mini_subset,roll,1.0,cyclist,1,1.0,22.58,113.8
nuscenes_mini_subset,roll,1.0,pedestrian,7,0.9389,23.46,121.1
nuscenes_mini_subset,roll,1.0,vehicle,62,0.9408,22.715,240.8
nuscenes_mini_subset,roll,2.0,cyclist,1,0.75,45.11,113.8
nuscenes_mini_subset,roll,2.0,pedestrian,7,0.8513,46.87,121.1
nuscenes_mini_subset,roll,2.0,vehicle,62,0.7876,45.425,240.8
nuscenes_mini_subset,roll,3.0,cyclist,1,0.75,67.59,113.8
nuscenes_mini_subset,roll,3.0,pedestrian,7,0.6709,70.23,121.1
nuscenes_mini_subset,roll,3.0,vehicle,62,0.5564,68.17,240.8
nuscenes_mini_subset,tx,0.0,cyclist,1,1.0,0.0,113.8
nuscenes_mini_subset,tx,0.0,pedestrian,7,1.0,0.0,121.1
nuscenes_mini_subset,tx,0.0,vehicle,62,0.9988,0.0,240.8
nuscenes_mini_subset,tx,0.02,cyclist,1,1.0,1.54,113.8
nuscenes_mini_subset,tx,0.02,pedestrian,7,1.0,1.89,121.1
nuscenes_mini_subset,tx,0.02,vehicle,61,1.0,1.4,248.6
nuscenes_mini_subset,tx,0.05,cyclist,1,1.0,3.84,113.8
nuscenes_mini_subset,tx,0.05,pedestrian,7,0.9905,4.71,121.1
nuscenes_mini_subset,tx,0.05,vehicle,61,0.9961,3.49,248.6
nuscenes_mini_subset,tx,0.1,cyclist,1,1.0,7.69,113.8
nuscenes_mini_subset,tx,0.1,pedestrian,7,0.9817,9.43,121.1
nuscenes_mini_subset,tx,0.1,vehicle,60,0.9979,6.95,251.5
nuscenes_mini_subset,tx,0.2,cyclist,1,1.0,15.38,113.8
nuscenes_mini_subset,tx,0.2,pedestrian,7,0.918,18.86,121.1
nuscenes_mini_subset,tx,0.2,vehicle,60,0.9907,13.905,251.5
nuscenes_mini_subset,ty,0.0,cyclist,1,1.0,0.0,113.8
nuscenes_mini_subset,ty,0.0,pedestrian,7,1.0,0.0,121.1
nuscenes_mini_subset,ty,0.0,vehicle,62,0.9988,0.0,240.8
nuscenes_mini_subset,ty,0.02,cyclist,1,1.0,0.58,113.8
nuscenes_mini_subset,ty,0.02,pedestrian,7,1.0,1.0,121.1
nuscenes_mini_subset,ty,0.02,vehicle,62,0.9979,0.545,240.8
nuscenes_mini_subset,ty,0.05,cyclist,1,1.0,1.45,113.8
nuscenes_mini_subset,ty,0.05,pedestrian,7,1.0,2.49,121.1
nuscenes_mini_subset,ty,0.05,vehicle,62,0.9995,1.365,240.8
nuscenes_mini_subset,ty,0.1,cyclist,1,1.0,2.89,113.8
nuscenes_mini_subset,ty,0.1,pedestrian,7,1.0,4.96,121.1
nuscenes_mini_subset,ty,0.1,vehicle,62,0.996,2.72,240.8
nuscenes_mini_subset,ty,0.2,cyclist,1,1.0,5.74,113.8
nuscenes_mini_subset,ty,0.2,pedestrian,7,0.9905,9.87,121.1
nuscenes_mini_subset,ty,0.2,vehicle,62,0.9958,5.41,240.8
nuscenes_mini_subset,tz,0.0,cyclist,1,1.0,0.0,113.8
nuscenes_mini_subset,tz,0.0,pedestrian,7,1.0,0.0,121.1
nuscenes_mini_subset,tz,0.0,vehicle,62,0.9988,0.0,240.8
nuscenes_mini_subset,tz,0.02,cyclist,1,1.0,1.55,113.8
nuscenes_mini_subset,tz,0.02,pedestrian,7,1.0,1.89,121.1
nuscenes_mini_subset,tz,0.02,vehicle,62,0.9983,1.405,240.8
nuscenes_mini_subset,tz,0.05,cyclist,1,1.0,3.87,113.8
nuscenes_mini_subset,tz,0.05,pedestrian,7,1.0,4.73,121.1
nuscenes_mini_subset,tz,0.05,vehicle,62,0.9983,3.505,240.8
nuscenes_mini_subset,tz,0.1,cyclist,1,1.0,7.74,113.8
nuscenes_mini_subset,tz,0.1,pedestrian,7,1.0,9.45,121.1
nuscenes_mini_subset,tz,0.1,vehicle,62,0.9951,7.01,240.8
nuscenes_mini_subset,tz,0.2,cyclist,1,1.0,15.47,113.8
nuscenes_mini_subset,tz,0.2,pedestrian,7,0.9251,18.9,121.1
nuscenes_mini_subset,tz,0.2,vehicle,62,0.984,14.02,240.8
nuscenes_mini_subset,yaw,0.0,cyclist,1,1.0,0.0,113.8
nuscenes_mini_subset,yaw,0.0,pedestrian,7,1.0,0.0,121.1
nuscenes_mini_subset,yaw,0.0,vehicle,62,0.9988,0.0,240.8
nuscenes_mini_subset,yaw,0.25,cyclist,1,1.0,6.39,113.8
nuscenes_mini_subset,yaw,0.25,pedestrian,6,1.0,6.49,126.35
nuscenes_mini_subset,yaw,0.25,vehicle,61,0.995,6.37,248.6
nuscenes_mini_subset,yaw,0.5,cyclist,1,1.0,12.79,113.8
nuscenes_mini_subset,yaw,0.5,pedestrian,6,0.9889,13.0,126.35
nuscenes_mini_subset,yaw,0.5,vehicle,61,0.9901,12.76,248.6
nuscenes_mini_subset,yaw,1.0,cyclist,1,1.0,25.67,113.8
nuscenes_mini_subset,yaw,1.0,pedestrian,6,0.946,26.085,126.35
nuscenes_mini_subset,yaw,1.0,vehicle,60,0.9403,25.385,251.5
nuscenes_mini_subset,yaw,2.0,cyclist,1,0.8125,51.69,113.8
nuscenes_mini_subset,yaw,2.0,pedestrian,7,0.625,52.52,121.1
nuscenes_mini_subset,yaw,2.0,vehicle,60,0.827,50.87,251.5
nuscenes_mini_subset,yaw,3.0,cyclist,1,0.25,78.08,113.8
nuscenes_mini_subset,yaw,3.0,pedestrian,7,0.2793,79.335,121.1
nuscenes_mini_subset,yaw,3.0,vehicle,58,0.6882,76.375,259.35
