dataset,axis,level,dist_bin,n_objects,mean_hit,median_shift_px,median_box_w_px
kitti_mini,pitch,0.0,0-15m,31,0.9912,0.0,185.9
kitti_mini,pitch,0.0,15-30m,38,0.9853,0.0,63.9
kitti_mini,pitch,0.0,>30m,32,0.9963,0.0,38.05
kitti_mini,pitch,0.25,0-15m,31,0.9898,3.3,185.9
kitti_mini,pitch,0.25,15-30m,38,0.9617,3.195,63.9
kitti_mini,pitch,0.25,>30m,32,0.9473,3.17,38.05
kitti_mini,pitch,0.5,0-15m,31,0.9709,6.61,185.9
kitti_mini,pitch,0.5,15-30m,38,0.9173,6.39,63.9
kitti_mini,pitch,0.5,>30m,32,0.8265,6.34,38.05
kitti_mini,pitch,1.0,0-15m,31,0.9513,13.23,185.9
kitti_mini,pitch,1.0,15-30m,38,0.8211,12.785,63.9
kitti_mini,pitch,1.0,>30m,32,0.5058,12.69,38.05
kitti_mini,pitch,2.0,0-15m,31,0.8766,26.53,185.9
kitti_mini,pitch,2.0,15-30m,38,0.5995,25.59,63.9
kitti_mini,pitch,2.0,>30m,32,0.1829,25.4,38.05
kitti_mini,pitch,3.0,0-15m,31,0.7884,39.91,185.9
kitti_mini,pitch,3.0,15-30m,38,0.3742,38.43,63.9
kitti_mini,pitch,3.0,>30m,32,0.0482,38.13,38.05
kitti_mini,roll,0.0,0-15m,31,0.9912,0.0,185.9
kitti_mini,roll,0.0,15-30m,38,0.9853,0.0,63.9
kitti_mini,roll,0.0,>30m,32,0.9963,0.0,38.05
kitti_mini,roll,0.25,0-15m,31,0.9911,1.32,185.9
kitti_mini,roll,0.25,15-30m,38,0.9846,0.58,63.9
kitti_mini,roll,0.25,>30m,32,0.9963,0.365,38.05
kitti_mini,roll,0.5,0-15m,31,0.9906,2.64,185.9
kitti_mini,roll,0.5,15-30m,38,0.9769,1.16,63.9
kitti_mini,roll,0.5,>30m,32,0.9963,0.73,38.05
kitti_mini,roll,1.0,0-15m,31,0.9826,5.27,185.9
kitti_mini,roll,1.0,15-30m,38,0.9493,2.32,63.9
kitti_mini,roll,1.0,>30m,32,0.9776,1.455,38.05
kitti_mini,roll,2.0,0-15m,31,0.9576,10.54,185.9
kitti_mini,roll,2.0,15-30m,38,0.9076,4.645,63.9
kitti_mini,roll,2.0,>30m,32,0.9552,2.91,38.05
kitti_mini,roll,3.0,0-15m,31,0.9293,15.82,185.9
kitti_mini,roll,3.0,15-30m,38,0.863,6.965,63.9
kitti_mini,roll,3.0,>30m,32,0.8951,4.37,38.05
kitti_mini,tx,0.0,0-15m,31,0.9912,0.0,185.9
kitti_mini,tx,0.0,15-30m,38,0.9853,0.0,63.9
kitti_mini,tx,0.0,>30m,32,0.9963,0.0,38.05
kitti_mini,tx,0.02,0-15m,31,0.9924,0.73,185.9
kitti_mini,tx,0.02,15-30m,38,0.9858,0.12,63.9
kitti_mini,tx,0.02,>30m,32,0.9963,0.04,38.05
kitti_mini,tx,0.05,0-15m,31,0.9906,1.82,185.9
kitti_mini,tx,0.05,15-30m,38,0.986,0.305,63.9
kitti_mini,tx,0.05,>30m,32,0.9955,0.11,38.05
kitti_mini,tx,0.1,0-15m,31,0.9913,3.61,185.9
kitti_mini,tx,0.1,15-30m,38,0.9857,0.61,63.9
kitti_mini,tx,0.1,>30m,32,0.9955,0.22,38.05
kitti_mini,tx,0.2,0-15m,31,0.9825,7.13,185.9
kitti_mini,tx,0.2,15-30m,38,0.9832,1.21,63.9
kitti_mini,tx,0.2,>30m,32,0.994,0.44,38.05
kitti_mini,ty,0.0,0-15m,31,0.9912,0.0,185.9
kitti_mini,ty,0.0,15-30m,38,0.9853,0.0,63.9
kitti_mini,ty,0.0,>30m,32,0.9963,0.0,38.05
kitti_mini,ty,0.02,0-15m,31,0.991,1.68,185.9
kitti_mini,ty,0.02,15-30m,38,0.9832,0.695,63.9
kitti_mini,ty,0.02,>30m,32,0.994,0.36,38.05
kitti_mini,ty,0.05,0-15m,31,0.9875,4.19,185.9
kitti_mini,ty,0.05,15-30m,38,0.976,1.74,63.9
kitti_mini,ty,0.05,>30m,32,0.9923,0.9,38.05
kitti_mini,ty,0.1,0-15m,31,0.9787,8.38,185.9
kitti_mini,ty,0.1,15-30m,38,0.9559,3.485,63.9
kitti_mini,ty,0.1,>30m,32,0.986,1.8,38.05
kitti_mini,ty,0.2,0-15m,31,0.9424,16.77,185.9
kitti_mini,ty,0.2,15-30m,38,0.8743,6.965,63.9
kitti_mini,ty,0.2,>30m,32,0.9422,3.595,38.05
kitti_mini,tz,0.0,0-15m,31,0.9912,0.0,185.9
kitti_mini,tz,0.0,15-30m,38,0.9853,0.0,63.9
kitti_mini,tz,0.0,>30m,32,0.9963,0.0,38.05
kitti_mini,tz,0.02,0-15m,31,0.9925,1.68,185.9
kitti_mini,tz,0.02,15-30m,38,0.9834,0.695,63.9
kitti_mini,tz,0.02,>30m,32,0.9963,0.36,38.05
kitti_mini,tz,0.05,0-15m,31,0.9857,4.2,185.9
kitti_mini,tz,0.05,15-30m,38,0.976,1.74,63.9
kitti_mini,tz,0.05,>30m,32,0.9948,0.9,38.05
kitti_mini,tz,0.1,0-15m,31,0.9674,8.39,185.9
kitti_mini,tz,0.1,15-30m,38,0.9574,3.485,63.9
kitti_mini,tz,0.1,>30m,32,0.978,1.8,38.05
kitti_mini,tz,0.2,0-15m,31,0.9133,16.78,185.9
kitti_mini,tz,0.2,15-30m,38,0.8895,6.965,63.9
kitti_mini,tz,0.2,>30m,32,0.9575,3.595,38.05
kitti_mini,yaw,0.0,0-15m,31,0.9912,0.0,185.9
kitti_mini,yaw,0.0,15-30m,38,0.9853,0.0,63.9
kitti_mini,yaw,0.0,>30m,32,0.9963,0.0,38.05
kitti_mini,yaw,0.25,0-15m,31,0.9882,3.77,185.9
kitti_mini,yaw,0.25,15-30m,38,0.9583,3.295,63.9
kitti_mini,yaw,0.25,>30m,32,0.9499,3.215,38.05
kitti_mini,yaw,0.5,0-15m,31,0.9771,7.53,185.9
kitti_mini,yaw,0.5,15-30m,38,0.8815,6.59,63.9
kitti_mini,yaw,0.5,>30m,32,0.8383,6.43,38.05
kitti_mini,yaw,1.0,0-15m,31,0.9401,15.01,185.9
kitti_mini,yaw,1.0,15-30m,38,0.7084,13.2,63.9
kitti_mini,yaw,1.0,>30m,32,0.6074,12.855,38.05
kitti_mini,yaw,2.0,0-15m,30,0.82,29.71,187.8
kitti_mini,yaw,2.0,15-30m,38,0.5156,26.365,63.9
kitti_mini,yaw,2.0,>30m,32,0.3001,25.715,38.05
kitti_mini,yaw,3.0,0-15m,30,0.7427,44.27,187.8
kitti_mini,yaw,3.0,15-30m,38,0.3996,39.425,63.9
kitti_mini,yaw,3.0,>30m,32,0.147,38.51,38.05
nuscenes_mini_subset,pitch,0.0,0-15m,19,0.9961,0.0,221.9
nuscenes_mini_subset,pitch,0.0,15-30m,42,1.0,0.0,240.8
nuscenes_mini_subset,pitch,0.0,>30m,9,1.0,0.0,128.7
nuscenes_mini_subset,pitch,0.25,0-15m,19,0.9945,2.54,221.9
nuscenes_mini_subset,pitch,0.25,15-30m,42,1.0,1.99,240.8
nuscenes_mini_subset,pitch,0.25,>30m,9,1.0,1.17,128.7
nuscenes_mini_subset,pitch,0.5,0-15m,19,0.9919,5.08,221.9
nuscenes_mini_subset,pitch,0.5,15-30m,42,0.999,3.98,240.8
nuscenes_mini_subset,pitch,0.5,>30m,9,1.0,2.35,128.7
nuscenes_mini_subset,pitch,1.0,0-15m,19,0.9955,10.16,221.9
nuscenes_mini_subset,pitch,1.0,15-30m,42,0.999,7.96,240.8
nuscenes_mini_subset,pitch,1.0,>30m,9,1.0,4.7,128.7
nuscenes_mini_subset,pitch,2.0,0-15m,19,0.9824,20.32,221.9
nuscenes_mini_subset,pitch,2.0,15-30m,42,0.9463,15.91,240.8
nuscenes_mini_subset,pitch,2.0,>30m,9,0.9111,9.39,128.7
nuscenes_mini_subset,pitch,3.0,0-15m,19,0.9724,30.48,221.9
nuscenes_mini_subset,pitch,3.0,15-30m,42,0.8902,23.865,240.8
nuscenes_mini_subset,pitch,3.0,>30m,9,0.9038,14.09,128.7
nuscenes_mini_subset,roll,0.0,0-15m,19,0.9961,0.0,221.9
nuscenes_mini_subset,roll,0.0,15-30m,42,1.0,0.0,240.8
nuscenes_mini_subset,roll,0.0,>30m,9,1.0,0.0,128.7
nuscenes_mini_subset,roll,0.25,0-15m,19,0.9871,6.02,221.9
nuscenes_mini_subset,roll,0.25,15-30m,42,0.994,5.68,240.8
nuscenes_mini_subset,roll,0.25,>30m,9,1.0,5.59,128.7
nuscenes_mini_subset,roll,0.5,0-15m,19,0.9894,12.04,221.9
nuscenes_mini_subset,roll,0.5,15-30m,42,0.9892,11.35,240.8
nuscenes_mini_subset,roll,0.5,>30m,9,1.0,11.17,128.7
nuscenes_mini_subset,roll,1.0,0-15m,19,0.9684,24.06,221.9
nuscenes_mini_subset,roll,1.0,15-30m,42,0.954,22.705,240.8
nuscenes_mini_subset,roll,1.0,>30m,9,0.8261,22.34,128.7
nuscenes_mini_subset,roll,2.0,0-15m,19,0.9215,48.07,221.9
nuscenes_mini_subset,roll,2.0,15-30m,42,0.7877,45.385,240.8
nuscenes_mini_subset,roll,2.0,>30m,9,0.5493,44.66,128.7
nuscenes_mini_subset,roll,3.0,0-15m,19,0.8557,71.99,221.9
nuscenes_mini_subset,roll,3.0,15-30m,42,0.531,68.065,240.8
nuscenes_mini_subset,roll,3.0,>30m,9,0.1535,66.96,128.7
nuscenes_mini_subset,tx,0.0,0-15m,19,0.9961,0.0,221.9
nuscenes_mini_subset,tx,0.0,15-30m,42,1.0,0.0,240.8
nuscenes_mini_subset,tx,0.0,>30m,9,1.0,0.0,128.7
nuscenes_mini_subset,tx,0.02,0-15m,18,1.0,3.17,248.0
nuscenes_mini_subset,tx,0.02,15-30m,42,1.0,1.39,240.8
nuscenes_mini_subset,tx,0.02,>30m,9,1.0,0.8,128.7
nuscenes_mini_subset,tx,0.05,0-15m,18,0.9948,7.925,248.0
nuscenes_mini_subset,tx,0.05,15-30m,42,0.9973,3.475,240.8
nuscenes_mini_subset,tx,0.05,>30m,9,0.9889,1.99,128.7
nuscenes_mini_subset,tx,0.1,0-15m,17,0.9956,15.87,274.1
nuscenes_mini_subset,tx,0.1,15-30m,42,0.9981,6.95,240.8
nuscenes_mini_subset,tx,0.1,>30m,9,0.9889,3.98,128.7
nuscenes_mini_subset,tx,0.2,0-15m,17,0.9773,31.73,274.1
nuscenes_mini_subset,tx,0.2,15-30m,42,0.9903,13.905,240.8
nuscenes_mini_subset,tx,0.2,>30m,9,0.9622,7.96,128.7
nuscenes_mini_subset,ty,0.0,0-15m,19,0.9961,0.0,221.9
nuscenes_mini_subset,ty,0.0,15-30m,42,1.0,0.0,240.8
nuscenes_mini_subset,ty,0.0,>30m,9,1.0,0.0,128.7
nuscenes_mini_subset,ty,0.02,0-15m,19,0.993,1.54,221.9
nuscenes_mini_subset,ty,0.02,15-30m,42,1.0,0.53,240.8
nuscenes_mini_subset,ty,0.02,>30m,9,1.0,0.17,128.7
nuscenes_mini_subset,ty,0.05,0-15m,19,0.9985,3.83,221.9
nuscenes_mini_subset,ty,0.05,15-30m,42,1.0,1.325,240.8
nuscenes_mini_subset,ty,0.05,>30m,9,1.0,0.44,128.7
nuscenes_mini_subset,ty,0.1,0-15m,19,0.987,7.61,221.9
nuscenes_mini_subset,ty,0.1,15-30m,42,1.0,2.645,240.8
nuscenes_mini_subset,ty,0.1,>30m,9,1.0,0.87,128.7
nuscenes_mini_subset,ty,0.2,0-15m,19,0.9863,15.04,221.9
nuscenes_mini_subset,ty,0.2,15-30m,42,0.9984,5.255,240.8
nuscenes_mini_subset,ty,0.2,>30m,9,1.0,1.74,128.7
nuscenes_mini_subset,tz,0.0,0-15m,19,0.9961,0.0,221.9
nuscenes_mini_subset,tz,0.0,15-30m,42,1.0,0.0,240.8
nuscenes_mini_subset,tz,0.0,>30m,9,1.0,0.0,128.7
nuscenes_mini_subset,tz,0.02,0-15m,19,0.9945,3.18,221.9
nuscenes_mini_subset,tz,0.02,15-30m,42,1.0,1.395,240.8
nuscenes_mini_subset,tz,0.02,>30m,9,1.0,0.8,128.7
nuscenes_mini_subset,tz,0.05,0-15m,19,0.9944,7.95,221.9
nuscenes_mini_subset,tz,0.05,15-30m,42,1.0,3.49,240.8
nuscenes_mini_subset,tz,0.05,>30m,9,1.0,2.0,128.7
nuscenes_mini_subset,tz,0.1,0-15m,19,0.984,15.89,221.9
nuscenes_mini_subset,tz,0.1,15-30m,42,1.0,6.98,240.8
nuscenes_mini_subset,tz,0.1,>30m,9,1.0,3.99,128.7
nuscenes_mini_subset,tz,0.2,0-15m,19,0.9439,31.75,221.9
nuscenes_mini_subset,tz,0.2,15-30m,42,0.9892,13.96,240.8
nuscenes_mini_subset,tz,0.2,>30m,9,1.0,7.99,128.7
nuscenes_mini_subset,yaw,0.0,0-15m,19,0.9961,0.0,221.9
nuscenes_mini_subset,yaw,0.0,15-30m,42,1.0,0.0,240.8
nuscenes_mini_subset,yaw,0.0,>30m,9,1.0,0.0,128.7
nuscenes_mini_subset,yaw,0.25,0-15m,19,0.9886,7.09,221.9
nuscenes_mini_subset,yaw,0.25,15-30m,40,0.9977,6.38,251.5
nuscenes_mini_subset,yaw,0.25,>30m,9,1.0,5.83,128.7
nuscenes_mini_subset,yaw,0.5,0-15m,19,0.9915,14.2,221.9
nuscenes_mini_subset,yaw,0.5,15-30m,40,0.9898,12.76,251.5
nuscenes_mini_subset,yaw,0.5,>30m,9,0.9889,11.65,128.7
nuscenes_mini_subset,yaw,1.0,0-15m,18,0.9536,28.3,248.0
nuscenes_mini_subset,yaw,1.0,15-30m,40,0.9452,25.515,251.5
nuscenes_mini_subset,yaw,1.0,>30m,9,0.9026,23.25,128.7
nuscenes_mini_subset,yaw,2.0,0-15m,18,0.8861,56.445,248.0
nuscenes_mini_subset,yaw,2.0,15-30m,41,0.7957,51.155,248.6
nuscenes_mini_subset,yaw,2.0,>30m,9,0.6926,46.59,128.7
nuscenes_mini_subset,yaw,3.0,0-15m,17,0.7485,83.09,274.1
nuscenes_mini_subset,yaw,3.0,15-30m,40,0.6359,76.7,251.5
nuscenes_mini_subset,yaw,3.0,>30m,9,0.4401,70.17,128.7
